"ItemID","Description","Barcode","Manufacturer","Qty","UnitPrice",
"1011628","Klipsch Headphone Image X10i Copper / Silver","743878021523","Klipsch","1612","139.70039358756549",
"1012135","Klipsch Headphone Image S3 Gray / Silver","743878022315","Klipsch","1552","25.863599961543059",
"1012313","Image One On-Ear Headphones 3 Button Black/Silver/Leather","743878022360","Klipsch","38","77.607597064280526",
"1012672","Klipsch Headphone Image S3 Metallic Pink / Black","743878022452","Klipsch","412","25.863599961543059",
"1012673","Klipsch Headphone Image S3 Metallic Red / Black","743878022469","Klipsch","121","25.863599961543059",
"1012674","Klipsch Headphone Image S3 Metallic Green / Black","743878022476","Klipsch","215","25.863599961543059",
"602956008248","Marware Case iPhone 4 C.E.O. Premiere Black","602956008248","Marware","167","20.689198649096511",
"A3IP-WhiteUK","Amethyst Speaker Touch 4 iGhost White UK","5391514460738","Amethyst","0","25.863599961543059",
"IHM79BE","iHome Speaker MP3 3.5mm iHM79 Black","47532893267","iHome","1056","23.276398504233384",
"Q7-Black/GoldEU","Amethyst Speaker iPhone 4 4S Super Pig Black EU","5391514462725","Amethyst","97","51.735598512911793",
"Q7-White/BlackEU","Amethyst Speaker iPhone 4 4S Super Pig White EU","5391514462732","Amethyst","192","51.735598512911793",
"JI-1060R","Jivo Headphones Jellies Strawberry","5391514460899","Jivo Technology","2388","6.7199997901916504",
"JI-1106","Jivo Headphones Endurance Pink","5391514461599","Jivo Technology","1243","10.340400029635418",
"JI-1187","Jivo case iPhone 4 Ice Colourwrap Pink","5391514463142","Jivo Technology","164","12.927599884772292",
"520005","Keep it Clean 200ml screen clean + anti bac cloth","5026252000501","Techlink","4125","8.7947999497175147",
"602956003427","Marware Case Nano Nike Sportsuit Sensor","602956003427","Marware","203","5.1659999188184713",
"JI-1144BA","Jivo Headphones Ebony white box","5391514462572","Jivo Technology","1629","15.514798938822764",
"602956007012","Marware Case Touch 4 SportGrip Core Frosted","602956007012","Marware","1","12.927599884772292",
"602956007029","Marware Case Touch 4 SportGrip Core Black","602956007029","Marware","68","12.927599884772292",
"602956007043","Marware Case Touch 4 SportGrip Gamer White / Gray","602956007043","Marware","28","12.927599884772292",
"602956007050","Marware Case Touch 4 FlexiShell Dot Clear","602956007050","Marware","17","12.927599884772292",
"602956007067","Marware Case Touch 4 FlexiShell Dash Clear","602956007067","Marware","11","12.927599884772292",
"602956007074","Marware Case Touch 4 MicroShell Clear","602956007074","Marware","109","10.340400029635418",
"602956007081","Marware Case Touch 4 MicroShell Black","602956007081","Marware","75","10.340400029635418",
"602956007098","Marware Case Touch 4 MicroShell Red","602956007098","Marware","119","10.340400029635418",
"602956007104","Marware Case Touch 4 MicroShell Blue","602956007104","Marware","7","10.340400029635418",
"602956007111","Marware Case Touch 4 MicroShell Pink","602956007111","Marware","39","10.340400029635418",
"602956007128","Marware Screen Guards Touch 4G Clear","602956007128","Marware","24","5.1659999188184713",
"602956007135","Marware Screen Guards Touch 4G Anti-Glare","602956007135","Marware","159","7.7531993734121443",
"JI-1181","Jivo Case iPhone 4 Silicone Black","5391514462886","Jivo Technology","24","10.340400029635418",
"JI-1215","Jivo Case iPhone 4 Wrapture Red City","5391514463487","Jivo Technology","127","10.340400029635418",
"JI-1216","Jivo Case iPhone 4 Wrapture Mono City","5391514463494","Jivo Technology","80","10.340400029635418",
"JI-1218","Jivo Case iPhone 4 Wrapture Filigree Smoke","5391514463517","Jivo Technology","64","10.340400029635418",
"520001","Keep it Clean Flat Screen Cleaner antistatic brush","5026252000105","Techlink","250","10.340400029635418",
"SW-COL4-BK","SwitchEasy Case iPhone 4 4S Colors Stealth","4897017124203","SwitchEasy","78","9.3071996453285237",
"SW-COL4-P","SwitchEasy Case iPhone 4 4S Colors Fuchsia","4897017124241","SwitchEasy","0","9.3071996453285237",
"SW-COL4-PU","SwitchEasy Case iPhone 4 4S Colors Viola","4897017124258","SwitchEasy","0","9.3071996453285237",
"SW-COL4-R","SwitchEasy Case iPhone 4 4S Colors Crimson","4897017124227","SwitchEasy","0","9.3071996453285237",
"SW-COL4-TU","SwitchEasy Case iPhone 4 4S Colors Turquoise","4897017124272","SwitchEasy","1","9.3071996453285237",
"SW-COL4-W","SwitchEasy Case iPhone 4 4S Colors Milk","4897017124210","SwitchEasy","48","9.3071996453285237",
"SW-COL4-Y","SwitchEasy Case iPhone 4 4S Colors Mican","4897017124234","SwitchEasy","0","9.3071996453285237",
"SW-NUI4-L","SwitchEasy Case iPhone 4 4S NUDE Lime","4897017124166","SwitchEasy","354","12.927599884772292",
"SW-NUI4-P","SwitchEasy Case iPhone 4 4S NUDE Fuchsia","4897017124135","SwitchEasy","313","12.927599884772292",
"SW-NUI4-PU","SwitchEasy Case iPhone 4 4S NUDE Purple","4897017124159","SwitchEasy","262","12.927599884772292",
"SW-NUI4-TU","SwitchEasy Case iPhone 4 4S NUDE Turquoise","4897017124142","SwitchEasy","437","12.927599884772292",
"SW-NUI4-UB","SwitchEasy Case iPhone 4 4S NUDE UltraBlack","4897017124098","SwitchEasy","217","12.927599884772292",
"SW-NUI4-UC","SwitchEasy Case iPhone 4 4S NUDE UltraClear","4897017124104","SwitchEasy","1","12.927599884772292",
"SW-NUPAD-T","SwitchEasy Case iPad1 NUDE Turquoise","4897017123732","SwitchEasy","23","18.101998793959638",
"SW-NUPAD-UB","SwitchEasy Case iPad1 NUDE UltraBlack","4897017123695","SwitchEasy","51","18.101998793959638",
"SW-NUPAD-UC","SwitchEasy Case iPad1 NUDE UltraClear","4897017123701","SwitchEasy","98","18.101998793959638",
"520002","Keep it Clean Antibacterial cloth 30 x 30cm","5026252000204","Techlink","225","5.1659999188184713",
"520006","Keep it Clean Twin Pack Screen+Keyboard cleaner","5026252000600","Techlink","4","15.514798938822764",
"520007","Keep it Clean Screan wipes x 12 wet/dry sachets","5026252000709","Techlink","238","6.7199997901916504",
"520009","Keep it Clean Keyboard Cleaner + anti static brush","5026252000907","Techlink","120","10.340400029635418",
"520014","Keep it Clean Anti-Bac kit for iPhone/iPod/iPad","5026252001409","Techlink","424","6.7199997901916504",
"1013078","Klipsch Headphone Mode M40 Copper / Black","743878022780","Klipsch","1867","181.09559126975546",
"IP-1307","PDP Case iPhone4 Disney Kermit Big Face","0708056513078","PDP","721","12.927599884772292",
"BZ19984","Beyza Case iPhone4 Zero Slim Brown","8698957519984","Beyza","832","12.927599884772292",
"SW-CARP2-R","SwitchEasy Case iPad 2 3 4 CARA Red","4897017125972","SwitchEasy","2","31.037999671816806",
"SW-CARP2-RW","SwitchEasy Case iPad 2 3 4 CARA Red White","4897017125446","SwitchEasy","38","31.037999671816806",
"SW-CARP2-W","SwitchEasy Case iPad 2 3 4 CARA White","4897017125965","SwitchEasy","30","31.037999671816806",
"SW-NUIP2-BL","SwitchEasy Case iPad 2 3 4 Nude Blue","4897017125835","SwitchEasy","9","18.101998793959638",
"SW-NUIP2-L","SwitchEasy Case iPad 2 3 4 Nude Lime","4897017125842","SwitchEasy","11","18.101998793959638",
"SW-NUIP2-P","SwitchEasy Case iPad 2 3 4 Nude Fuschia","4897017125828","SwitchEasy","15","18.101998793959638",
"SW-NUIP2-R","SwitchEasy Case iPad 2 3 4 Nude Red","4897017125811","SwitchEasy","11","18.101998793959638",
"SW-NUIP2-UB","SwitchEasy Case iPad 2 3 4 Nude Black","4897017125781","SwitchEasy","2","18.101998793959638",
"SW-NUIP2-UC","SwitchEasy Case iPad 2 3 4 Nude UltraClear","4897017125798","SwitchEasy","16","18.101998793959638",
"SW-NUIP2-W","SwitchEasy Case iPad 2 3 4 Nude White","4897017125804","SwitchEasy","3","18.101998793959638",
"SW-CBP2-CR","SwitchEasy Case iPad 2 3 4 Coverbuddy Cream","4897017126085","SwitchEasy","29","15.514798938822764",
"SW-CBP2-GY","SwitchEasy Case iPad 2 3 4 Coverbuddy Grey","4897017125774","SwitchEasy","57","15.514798938822764",
"SW-CBP2-O","SwitchEasy Case iPad 2 3 4 Coverbuddy Orange","4897017125750","SwitchEasy","2","15.514798938822764",
"SW-CBP2-R","SwitchEasy Case iPad 2 3 4 Coverbuddy Red","4897017126023","SwitchEasy","54","15.514798938822764",
"SW-CBP2-T","SwitchEasy Case iPad 2 3 4 Coverbuddy Tan","4897017126092","SwitchEasy","66","15.514798938822764",
"SW-CBP2-GN","SwitchEasy Case iPad 2 3 4 Coverbuddy Green","4897017125743","SwitchEasy","29","15.514798938822764",
"JI-1142","Jivo USB Hub White","5391514461957","Jivo Technology","952","6.7199997901916504",
"JI-1143","Jivo USB Hub Silver","5391514461964","Jivo Technology","585","6.7199997901916504",
"JI-1164","Jivo USB Car Charger Bullet Black","5391514462800","Jivo Technology","1926","6.7199997901916504",
"JI-1249","JIVO Case iPhone 4 ActionWrap Black","5391514463876","Jivo Technology","499","10.340400029635418",
"JI-1253 ","Jivo Case Macbook 11 Executive Black","5391514463913","Jivo Technology","250","41.386799092364299",
"JI-1254 ","Jivo Case Macbook 11 Executive Brown","5391514463920","Jivo Technology","282","41.386799092364299",
"JI-1255 ","Jivo Case Macbook 11 Executive Tan","5391514463937","Jivo Technology","435","41.386799092364299",
"JI-1256","Jivo Case Macbook 13 Executive Black","5391514463944","Jivo Technology","142","41.386799092364299",
"JI-1257 ","Jivo Case Macbook 13 Executive Brown","5391514463951","Jivo Technology","95","41.386799092364299",
"IB1B","iHome Headphone Colortunes Black","47532894950","iHome","33","6.7199997901916504",
"IB1L","iHome Headphone Colortunes Blue","47532894295","iHome","22","6.7199997901916504",
"IB1P","iHome Headphone Colortunes Pink","47532894301","iHome","24","6.7199997901916504",
"IB1R","iHome Headphone Colortunes Red","47532894264","iHome","36","6.7199997901916504",
"IB1S","iHome Headphone Colortunes Silver","47532894905","iHome","40","6.7199997901916504",
"IB1U","iHome Headphone Colortunes Purple","47532894271","iHome","31","6.7199997901916504",
"IB1W","iHome Headphone Colortunes White","47532894288","iHome","36","6.7199997901916504",
"JI-1060B","Jivo Headphones Jellies Liquorice","5391514460851","Jivo Technology","1588","6.7199997901916504",
"BZ18222","Beyza Case Nano 6 Watch Strap Black","8698957518222","Beyza","450","15.514798938822764",
"BZ18239","Beyza Case Nano 6 Watch Strap White","8698957518239","Beyza","490","15.514798938822764",
"NB438B","New Balance Headphone NB438B Black","47532894431","iHome","33","23.276398504233384",
"525020","iWires Headphone Splitter Cable 0.2m","5026252502005","Techlink","0","8.7947999497175147",
"525202","iWires High Speed HDMI cable 2m","5026252520207","Techlink","22","12.927599884772292",
"525205","iWires High Speed HDMI cable 5m","5026252520504","Techlink","0","15.514798938822764",
"ANI-WhiteEU","Amethyst Speaker iPhone 4 4S Ninja White EU","5391514464484","Amethyst","350","36.212399382090553",
"DS4G-BLK-BLK","Gumdrop Case iPhone 4 4S Drop Series Black Black","815741010672","Gum-Drop","24","23.276398504233384",
"DS4G-BLK-RED","Gumdrop Case iPhone 4 4S Drop Series Black Red","815741010689","Gum-Drop","0","23.276398504233384",
"DS4G-PNK-WHI","Gumdrop Case iPhone 4 4S Drop Series Pink White","815741010665","Gum-Drop","13","23.276398504233384",
"DS4G-WHI-BLK","Gumdrop Case iPhone 4 4S Drop Series White Black","815741010658","Gum-Drop","47","23.276398504233384",
"SC-MACAIR11-BLK","Gumdrop Case MacBook AIR 11 Surf Convertible Black","815741010863","Gum-Drop","39","25.863599961543059",
"SC-MACAIR11-BLU","Gumdrop Case MacBook AIR 11 Surf Convertible Blue","815741010849","Gum-Drop","47","25.863599961543059",
"SC-MACAIR13-BLK","Gumdrop Case MacBook AIR 13 Surf Convertible Black","815741010856","Gum-Drop","11","25.863599961543059",
"SC-MACAIR13-BLU","Gumdrop Case MacBook AIR 13 Surf Convertible Blue","815741010832","Gum-Drop","8","25.863599961543059",
"JI-1060BL","Jivo Headphones Jellies Blueberry","5391514460868","Jivo Technology","2477","6.7199997901916504",
"JI-1060G","Jivo Headphones Jellies Apple","5391514460875","Jivo Technology","3038","6.7199997901916504",
"JI-1060P","Jivo Headphones Jellies Bubblegum","5391514460882","Jivo Technology","1930","6.7199997901916504",
"JI-1060W","Jivo Headphones Jellies Vanilla","5391514460905","Jivo Technology","1747","6.7199997901916504",
"IDM12","iHome Speaker Bluetooth iDM12 Black","47532896763","iHome","405","41.386799092364299",
"1014027","Klipsch Speaker Gallery G-17 AirPlay","743878023749","Klipsch","735","181.09559126975546",
"SW-THNA13-PU","SwitchEasy Case Thins Air 13 Viola","4897017126061","SwitchEasy","41","25.863599961543059",
"JI-1206 ","Jivo Sync Cable iPod / iPhone Black","5391514461155","Jivo Technology","259","7.7531993734121443",
"SW-THNA13-BL","SwitchEasy Case Thins Air 13 Blue","4897017125651","SwitchEasy","5","25.863599961543059",
"SW-THNA13-BK","SwitchEasy Case Thins Air 13 Black","4897017126054","SwitchEasy","28","25.863599961543059",
"BZ19953","Beyza Case iPhone4 Zero Slim Black","8698957519953","Beyza","169","12.927599884772292",
"LTBLK-002","Lunatik Watchband Nano 6  Black","852352003020","Minimal","562","41.386799092364299",
"LTRED-004","Lunatik Watchband Nano 6  Red","852352003044","Minimal","305","41.386799092364299",
"LTSLV-003","Lunatik Watchband Nano 6  Aluminium","852352003037","Minimal","41","41.386799092364299",
"TTBLK-001","Lunatik Watchband Nano 6G TikTok Black","852352003013","Minimal","270","20.689198649096511",
"TTWHT-006","Lunatik Watchband Nano 6G TikTok White","852352003068","Minimal","380","20.689198649096511",
"JI-1285","Jivo Personalised Skin Smartphone","5391514464293","Jivo Technology","530","10.340400029635418",
"JI-1286","Jivo Personalised Skin Tablet","5391514464309","Jivo Technology","781","12.927599884772292",
"JI-1287","Jivo Personalised Skin Laptop","5391514464316","Jivo Technology","562","18.101998793959638",
"SW-CAD4-W","SwitchEasy Case iPhone4 4S CARD White","4897017126528","SwitchEasy","7","18.101998793959638",
"LKBLK-011","Lunatik Watchband Nano 6 Lynk Black","852352003112","Minimal","938","67.258797643733033",
"LKSLV-010","Lunatik Watchband Nano 6 Lynk Silver","852352003105","Minimal","548","67.258797643733033",
"IP-1315","PDP Case iPhone4 Disney Jack Big Face","0708056513153","PDP","80","12.927599884772292",
"IP-1408","PDP Case iPhone4 Marvel Wolverine Red Rage","0708056514082","PDP","289","12.927599884772292",
"IP-1409","PDP Case iPhone4 Marvel Spiderman Comic","0708056514099","PDP","304","12.927599884772292",
"IP-1410","PDP Case iPhone4 Marvel Captain America Newspaper","0708056514105","PDP","80","12.927599884772292",
"IP-1411","PDP Case iPhone4 Marvel Iron Man Bling","0708056514112","PDP","68","12.927599884772292",
"IP-1412","PDP Case iPhone4 Marvel Magneto","0708056514129","PDP","215","12.927599884772292",
"IP-1414","PDP Case iPhone 4/4s Marvel Captain America Shield","0708056514143","PDP","1678","12.927599884772292",
"IP-1430","PDP Case iPhone 4/4s Disney 1928 Mickey","0708056514303","PDP","153","12.927599884772292",
"IP-1434","PDP Case iPhone 4/4s Disney Mickey and Minnie","0708056514341","PDP","133","12.927599884772292",
"00XP-ACQ018/411/00","Orla Kiely Tote Laptop 13 Acorn Cup Navy","5051179333012","Orla Kiely","275","87.956396484828019",
"00XP-ACQ066/411/00","Orla Kiely Sleeve MacBook Air 11 Acorn Cup","5051179313250","Orla Kiely","182","36.212399382090553",
"00XP-ACQ067/411/00","Orla Kiely Sleeve MacBook Air 13 Acorn Cup","5051179313274","Orla Kiely","33","36.212399382090553",
"00XP-ACQ069/411/00","Orla Kiely Carry Case MacBook Air 13 Acorn Cup","5051179313243","Orla Kiely","40","67.258797643733033",
"00XP-ACQ072/411/00","Orla Kiely Sleeve 13 Laptop Acorn Cup Navy","5051179333098","Orla Kiely","484","51.735598512911793",
"00XP-ACQ073/411/00","Orla Kiely Carry Case 13 Laptop Acorn Cup Navy","5051179333111","Orla Kiely","306","56.909998223185539",
"00XP-ACQ074/411/00","Orla Kiely Sleeve 15 Laptop Acorn Cup Navy","5051179333135","Orla Kiely","22","41.386799092364299",
"00XP-MSQ018/960/00","Orla Kiely Tote Laptop 13 Multi Stem","5051179333029","Orla Kiely","302","87.956396484828019",
"00XP-MSQ025/960/00","Orla Kiely Shoulder Bag MacBook 13 Multi Stem","5051179313304","Orla Kiely","47","93.130799399447369",
"00XP-MSQ066/960/00","Orla Kiely Sleeve MacBook 11 Multi Stem","5051179313328","Orla Kiely","58","36.212399382090553",
"00XP-MSQ069/960/00","Orla Kiely Carry Case MacBook  13 Multi Stem","5051179313311","Orla Kiely","101","67.258797643733033",
"00XP-MSQ070/960/00","Orla Kiely Carry Case MacBook  13 Scribble Stem","5051179332176","Orla Kiely","0","51.735598512911793",
"00XP-MSQ072/960/00","Orla Kiely Sleeve 13 Laptop Scribble Stem","5051179333104","Orla Kiely","757","51.735598512911793",
"00XP-MSQ073/960/00","Orla Kiely Carry Case 13 Laptop Scribble Stem","5051179333128","Orla Kiely","260","56.909998223185539",
"1010950","Klipsch Headphone Image X10 Copper / Silver","743878021226","Klipsch","1169","103.47959881999486",
"1013730","Klipsch Headphone Reference S4 Black / Copper","743878023541","Klipsch","1449","51.735598512911793",
"1013731","Klipsch Headphone Reference S4i Black / Copper","743878023558","Klipsch","416","62.084401137804889",
"1013732","Klipsch Headphone Reference One Black / Copper","743878023565","Klipsch","1097","87.956396484828019",
"511001","Keep it Clean Screen Cleaner Advanced All in One","5026251100103","Techlink","33","9.3071996453285237",
"511005","Keep it Clean Screen Cleaner","5026251100509","Techlink","34","6.2075996940374409",
"511007","Keep it Clean Screen Tissues x 12 wet/dry sachets","5026251100707","Techlink","93","5.1659999188184713",
"511014","Keep it Clean Anti-Bac Kit for iPhone/iPod/iPad","5026251101407","Techlink","0","5.1659999188184713",
"511015","Keep it Clean iPad All in One Anti-Bac System","5026251101506","Techlink","204","7.7531993734121443",
"520016","Keep it Clean iPad Cleaner","5026252001607","Techlink","768","8.7947999497175147",
"526020","iWires Cable 3.5mm plug to 2x3.5mm sockets","5026252602002","Techlink","257","9.3071996453285237",
"526021","iWires Cable 3.5mm plug to 2xRCA plugs","5026252602101","Techlink","270","10.340400029635418",
"526202","iWires Cable HDMI A plug to HDMI A plug 2M","5026252620204","Techlink","194","15.514798938822764",
"526205","iWires Cable HDMI A plug to HDMI A plug 5M","5026252620501","Techlink","424","18.101998793959638",
"526211","iWires cable Toslink plug to Toslink plug","5026252621102","Techlink","261","10.340400029635418",
"526252","iWires Cable USB A plug to USB 5-pin mini plug","5026252625209","Techlink","111","7.7531993734121443",
"526261","iWires Cable 3.5mm plug to 3.5mm plug","5026252626107","Techlink","880","10.340400029635418",
"526300","iWires Adapter Mini DisplayPort plug/HDMI A socket","5026252630005","Techlink","225","18.101998793959638",
"526302","iWires Cable HDMI A plug to DVI plug","5026252630203","Techlink","218","15.514798938822764",
"526332","iWires Cable 3.5mm optical to toslink optical","5026252633204","Techlink","263","12.927599884772292",
"526363","iWires Cable 3.5mm plug to 3.5mm plug retractable","5026252636304","Techlink","426","10.340400029635418",
"526422","iWires Cable Mini DisplayPort plug/HDMI A plug 2M","5026252642206","Techlink","366","23.276398504233384",
"526425","iWires Cable Mini DisplayPort plug/HDMI A plug 5M","5026252642503","Techlink","636","28.450798214507131",
"526642","iWires Cable USB A type plug to USB B type plug","5026252664208","Techlink","296","7.7531993734121443",
"526682","iWires Cable Cat 5e to Cat 5e","5026252668206","Techlink","145","7.7531993734121443",
"602956006657","Marware Screen Guards iPad 2","602956006657","Marware","30","12.927599884772292",
"602956007593","Marware Case Kindle 3 SportGrip Black","602956007593","Marware","1574","12.927599884772292",
"602956007609","Marware Case Kindle 3 SportGrip White","602956007609","Marware","1","12.927599884772292",
"602956007647","Marware Case Kindle 3 SportGrip Pink","602956007647","Marware","2100","12.927599884772292",
"602956007937","Marware Car Charger 3 Amp Dual USB Black","602956007937","Marware","192","12.927599884772292",
"602956009566","Marware Case iPad 3 MicroShell Black","602956009566","Marware","146","20.689198649096511",
"602956009573","Marware Case iPad 3 MicroShell Folio Black","602956009573","Marware","142","25.863599961543059",
"602956009948","Marware Case iPhone 4S C.E.O. Prestige Plus Black","602956009948","Marware","16","18.101998793959638",
"602956010111","Marware Case iPad 3 EcoVue Brown","602956010111","Marware","16","25.863599961543059",
"602956010142","Marware Case iPad 3 C.E.O. Hybrid Black","602956010142","Marware","72","25.863599961543059",
"602956010159","Marware Case iPad 3 EcoVue Red","602956010159","Marware","119","25.863599961543059",
"602956010166","Marware Case iPad 3 MicroShell Silver","602956010166","Marware","126","15.514798938822764",
"602956010173","Marware Case iPad 3 MicroShell Red","602956010173","Marware","136","15.514798938822764",
"602956010227","Marware Case iPad 3 MicroShell Folio Silver","602956010227","Marware","200","25.863599961543059",
"602956010234","Marware Case iPad 3 C.E.O. Hybrid Brown","602956010234","Marware","42","25.863599961543059",
"602956010241","Marware Case iPad 3 C.E.O. Hybrid Pink","602956010241","Marware","102","25.863599961543059",
"726652","iWires Cable DVI to SVGA adapter","5026272665209","Techlink","6","8.7947999497175147",
"726672","iWires Cable USB 2 A type plug to USB 5 pin micro","5026272667203","Techlink","30","7.7531993734121443",
"726682","iWires Cable Cat 5e to Cat 5e network cable","5026272668200","Techlink","9","6.2075996940374409",
"726730","iWires Cable Apple 30 pin Dock to USB retractable","5026272673006","Techlink","12","10.340400029635418",
"726731","iWires Cable Apple 30 pin Dock Connector to USB","5026272673105","Techlink","70","9.3071996453285237",
"726741","iWires Cable Apple 30 pin Dock to USB + 3.5mm jack","5026272674102","Techlink","53","10.340400029635418",
"726842","iWires Cable Firewire 800 to Firewire 400 9P-4P","5026272684200","Techlink","4","10.340400029635418",
"726862","iWires Cable Firewire 800 to Firewire 400 9P-6P","5026272686204","Techlink","13","10.340400029635418",
"726882","iWires Cable Firewire 800 to Firewire 800 9P-9P","5026272688208","Techlink","42","10.340400029635418",
"A3IP-RedEu-Dual","Amethyst Speaker Touch 4 iGhost Red EU","5391514461506","Amethyst","145","25.863599961543059",
"A3IP-WhiteEU-Dual","Amethyst Speaker Touch 4 iGhost White EU","5391514461018","Amethyst","299","25.863599961543059",
"A-8GreenEU","Amethyst Speakers MP3 Love Flower Green Eu","5391514460974","Amethyst","125","15.514798938822764",
"ABLK0-013","Lunatik Antik Analog Watch Module Black / Orange","852352003136","Minimal","27","41.386799092364299",
"ABLKB-016","Lunatik Antik Analog Watch Module Black / Black","852352003167","Minimal","0","41.386799092364299",
"ABLKL-015","Lunatik Antik Analog Watch Module Blk / Lumabrite","852352003150","Minimal","41","41.386799092364299",
"ASLVL-014","Lunatik Antik Analog Watch Module Silver Lumabrite","852352003143","Minimal","41","41.386799092364299",
"ASLVO-012","Lunatik Antik Analog Watch Module Silver / Orange","852352003129","Minimal","42","41.386799092364299",
"BZ19229","Beyza Case iPhone 4 4S Stitches Vintage Black","8698957519229","Beyza","74","23.276398504233384",
"BZ19250","Beyza Case iPhone 4 4S Stitches Vintage Brown","8698957519250","Beyza","75","23.276398504233384",
"BZ19267","Beyza Case iPhone 4 4S Multiflip Leather Red","8698957519267","Beyza","47","41.386799092364299",
"BZ19304","Beyza Case iPhone 4 4S Multiflip Leather Black","8698957519304","Beyza","36","41.386799092364299",
"BZ19922","Beyza Case iPad 2 Executive II Leather Tan","8698957519922","Beyza","48","87.956396484828019",
"BZ19939","Beyza Case iPad 2 Executive II Leather Red","8698957519939","Beyza","43","87.956396484828019",
"BZ19960","Beyza Case iPhone 4 4S Zero Leather Tan","8698957519960","Beyza","37","18.101998793959638",
"BZ19977","Beyza Case iPhone 4 4S Zero Leather Red","8698957519977","Beyza","56","18.101998793959638",
"BZ19991","Beyza Case iPhone 4 4S Zero Leather White","8698957519991","Beyza","72","18.101998793959638",
"BZ20355","Beyza Case iPad 2 Executive II Leather White","8698957520355","Beyza","98","87.956396484828019",
"BZ20362","Beyza Case iPhone 4 4S Multiflip Leather Tan","8698957520362","Beyza","137","25.863599961543059",
"BZ20386","Beyza Case iPhone 4 Folio Leather Brown","8698957520386","Beyza","245","25.863599961543059",
"DS4G-ARGN","Gumdrop Case iPhone 4 4S Drop Series Army Green","815741012034","Gum-Drop","73","23.276398504233384",
"DS-IPAD3-ARGRN","Gumdrop Case iPad 3 4 Drop Series Army Green","815741012539","Gum-Drop","26","31.037999671816806",
"DS-IPAD3-BLK-BLK","Gumdrop Case iPad 3 4 Drop Series Black Black","815741012546","Gum-Drop","15","31.037999671816806",
"DS-IPAD3-BLK-RED","Gumdrop Case iPad 3 4 Drop Series Black Red","815741012553","Gum-Drop","92","31.037999671816806",
"DS-IPAD3-PNK-WHI","Gumdrop Case iPad 3 4 Drop Series Pink White","815741012560","Gum-Drop","159","31.037999671816806",
"DS-IPAD3-WHI-BLK","Gumdrop Case iPad 3 4 Drop Series White Black","815741012577","Gum-Drop","114","31.037999671816806",
"IB24B","ihome Headphones IB24 Black","47532894394","iHome","20","18.101998793959638",
"IB24P","ihome Headphones IB24 Pink","47532894417","iHome","40","18.101998793959638",
"IB24R","ihome Headphones IB24 Red","47532894424","iHome","0","18.101998793959638",
"iB40B","ihome Headphones IB40 Black","47532895629","iHome","90","18.101998793959638",
"IDM15SE","iHome Speaker Bluetooth iDM15 Silver","47532896367","iHome","312","46.561198802638046",
"IHM61WE","iHome Speaker MP3 3.5mm iHM61 Multi","47532897968","iHome","10","11.894399500465397",
"IP-1305","PDP Case iPhone4 Disney Animal","0708056513054","PDP","688","12.927599884772292",
"IP-1332","PDP Case iPhone4 Disney Mickey Vintage","0708056513320","PDP","41","12.927599884772292",
"IP-1334","PDP Case Touch4 Disney Animal","0708056513344","PDP","0","12.927599884772292",
"IP-1348","PDP Case Nano6 Disney Mickey","708056513481","PDP","40","12.927599884772292",
"IP-1349","PDP Case Nano6 Disney Minnie","708056513498","PDP","45","12.927599884772292",
"IP-1351","PDP Case Nano6 Disney Kermit","708056513511","PDP","39","12.927599884772292",
"IP-1376","PDP Case Touch4 Marvel Hulk Brick","0708056513764","PDP","34","12.927599884772292",
"IP-1377","PDP Case Touch4 Marvel Wolverine Red Rage","0708056513771","PDP","32","12.927599884772292",
"IP-1378","PDP Case Touch4 Marvel Amazing Spiderman","0708056513788","PDP","1","12.927599884772292",
"IP-1380","PDP Case Touch4 Marvel Iron Man Bling","0708056513801","PDP","60","12.927599884772292",
"IP-1381","PDP Case Touch4 Marvel Magneto Explo","0708056513818","PDP","95","12.927599884772292",
"IP-1382","PDP Case Touch4 Marvel Silver Surfer","0708056513825","PDP","0","12.927599884772292",
"IP-1383","PDP Case Touch4 Marvel Captain America Shield","0708056513832","PDP","103","12.927599884772292",
"IP-1423","PDP Case Touch 4 Disney Tinkerbell Purple","0708056514235","PDP","28","12.927599884772292",
"IP-1425","PDP Case Touch 4 Disney Miss Piggy","0708056514259","PDP","48","12.927599884772292",
"IP-1520","PDP Case Tablet IPad2 Marvel Captain America","0708056515201","PDP","60","12.927599884772292",
"IP-1522","PDP Case Tablet IPad2 Marvel Iron Man","0708056515225","PDP","42","12.927599884772292",
"IP-1523","PDP Case Tablet IPad2 Marvel Spiderman","0708056515232","PDP","38","12.927599884772292",
"IP-1525","PDP Case Tablet IPad2 Marvel Wolverine","0708056515256","PDP","46","12.927599884772292",
"IP-1585","PDP Case eReader Disney Animal","0708056515850","PDP","0","12.927599884772292",
"IP-1586","PDP Case eReader Disney Mickey","0708056515867","PDP","39","12.927599884772292",
"IP-1587","PDP Case eReader Disney Jack Skellington","0708056515874","PDP","67","12.927599884772292",
"IP-1588","PDP Case eReader Disney Kermit","0708056515881","PDP","47","12.927599884772292",
"IP4GZE","iHome Speaker iPhone 4 4S iP4G Grey","47532898583","iHome","100","119.0027947464705",
"IP4PZE","iHome Speaker iPhone 4 4S iP4P Pink","47532897982","iHome","122","119.0027947464705",
"iP57","iHome Speaker iPhone 4 4S iP57 Black","475328982794","iHome","385","46.561198802638046",
"IW1","iHome Speaker Airplay iW1 Black","47532896664","iHome","315","139.70039358756549",
"IW2","iHome Speaker Airplay iW2 Black","47532896411","iHome","166","119.0027947464705",
"JI-1019","Jivo FM Transmitter U-Tune White","5391514460219","Jivo Technology","78","12.927599884772292",
"JI-1107","Jivo Headphones Endurance White","5391514461605","Jivo Technology","34","10.340400029635418",
"JI-1108","Jivo Headphones Endurance Black","5391514461612","Jivo Technology","0","10.340400029635418",
"JI-1173","Jivo Sleeve Snuggli 13 Blue / White","5391514462657","Jivo Technology","215","10.340400029635418",
"JI-1185","Jivo case iPhone 4 Ice Colourwrap Black","5391514463128","Jivo Technology","156","12.927599884772292",
"JI-1201","Jivo Car Charger iPod / iPhone Black","5391514460936","Jivo Technology","695","8.7947999497175147",
"JI-1202","Jivo Charger iPod / iPhone AC EU Black","5391514461117","Jivo Technology","305","8.7947999497175147",
"JI-1203","Jivo Charger iPod / iPhone AC UK/Irl Black","5391514461124","Jivo Technology","603","8.7947999497175147",
"JI-1237","Jivo Case iPod Touch 4 Wrapture Dreaming","5391514463715","Jivo Technology","293","10.340400029635418",
"JI-1238","Jivo Case iPod Touch 4 Wrapture Ribbons","5391514463722","Jivo Technology","253","10.340400029635418",
"JI-1239","Jivo Case iPod Touch 4 Wrapture Red City","5391514463739","Jivo Technology","23","10.340400029635418",
"JI-1243","Jivo Case iPod Touch 4 Wrapture Visage","5391514463777","Jivo Technology","344","10.340400029635418",
"JI-1264","JIVO Case iPad 2 Executive Dual Brown","5391514464033","Jivo Technology","255","31.037999671816806",
"JI-1265","JIVO Case iPad 2 Executive Dual Black","5391514464040","Jivo Technology","390","31.037999671816806",
"JI-1290","Jivo Headphones Ebony in-Flight plus","5391514464347","Jivo Technology","1679","18.101998793959638",
"JI-1292","JIVO Case Kindle / Kindle Touch Black / Black","5391514464361","Jivo Technology","189","18.101998793959638",
"JI-1294","JIVO Case Kindle / Kindle Touch Red / Black","5391514464385","Jivo Technology","1035","18.101998793959638",
"JI-1294-99","JIVO Case Kindle / Kindle Touch Red / Black FFP","5391514465306","Jivo Technology","461","18.101998793959638",
"JI-1295-99","JIVO Case Kindle / Kindle Touch Black / Blue FFP","5391514465337","Jivo Technology","1560","18.101998793959638",
"JI-1297","JIVO Case Kindle / Kindle Touch Brown / Orange","5391514464415","Jivo Technology","102","18.101998793959638",
"JI-1297-99","JIVO Case Kindle / Kindle Touch Brown / Orange FFP","5391514465351","Jivo Technology","250","18.101998793959638",
"JI-1298","JIVO Case Kindle / Kindle Touch Red / Brown","5391514464422","Jivo Technology","513","18.101998793959638",
"JI-1301-99","JIVO Case Kindle / Kindle Touch Black / Red FFP","5391514465344","Jivo Technology","1184","18.101998793959638",
"JI-1368","JIVO Charger iPhone iPod Black","5391514466013","Jivo Technology","970","10.340400029635418",
"JI-1369","JIVO AC UK Micro USB 500mA Charger","5391514466020","Jivo Technology","582","6.2831998198509211",
"JI-1370","JIVO AC UK Micro USB 1000mA Charger","5391514466037","Jivo Technology","358","7.3079996116161396",
"KESG21","Marware Case Kindle Touch SportGrip Black FFP","602956009757","Marware","0","12.927599884772292",
"KESG22","Marware Case Kindle Touch SportGrip White FFP","602956009764","Marware","100","12.927599884772292",
"KESG24","Marware Case Kindle Touch SportGrip Pink FFP","602956009771","Marware","50","12.927599884772292",
"KGAT1I","Marware Case Kindle Kindle Touch Atlas Beige","602956009467","Marware","184","15.514798938822764",
"KGAT21","Marware Case Kindle Kindle Touch Atlas Black FFP","602956009450","Marware","0","15.514798938822764",
"KGAT24","Marware Case Kindle Kindle Touch Atlas Pink FFP","602956009481","Marware","222","15.514798938822764",
"KGAT2H","Marware Case Kindle KindleTouch Atlas Charcoal FFP","602956009504","Marware","170","15.514798938822764",
"KGAT2I","Marware Case Kindle Kindle Touch Atlas Beige FFP","602956009467","Marware","121","15.514798938822764",
"KGEF11","Marware Case Kindle Kindle Touch EcoFlip Black","602956009856","Marware","81","15.514798938822764",
"KGEF16","Marware Case Kindle Kindle Touch EcoFlip Brown","602956009863","Marware","30","15.514798938822764",
"KGEF21","Marware Case Kindle Kindle Touch EcoFlip Black FFP","602956009856","Marware","24","15.514798938822764",
"KGEF26","Marware Case Kindle Kindle Touch EcoFlip Brown FFP","602956009863","Marware","64","15.514798938822764",
"KGEV21","Marware Case Kindle Kindle Touch EcoVue Black FFP","602956009610","Marware","0","15.514798938822764",
"KGEV24","Marware Case Kindle Kindle Touch EcoVue Pink FFP","602956009634","Marware","5","15.514798938822764",
"KGEV26","Marware Case Kindle KindleTouch EcoVue Brown FFP","602956009627","Marware","172","15.514798938822764",
"KGJU1A","Marware Case Kindle KindleTouch Jurni Black / Blue","602956009368","Marware","19","15.514798938822764",
"LTGMT-005","Lunatik Watchband Nano 6  Camouflage","852352003051","Minimal","122","41.386799092364299",
"MIP-BlackEu","Amethyst Speaker iPhone 4 4S Mobile iPig Black EU","5391514461209","Amethyst","60","51.735598512911793",
"NB440B","New Balance Headphone NB440B Black","47532897128","iHome","43","20.689198649096511",
"NB639B","New Balance Headphone NB639B Black","47532896435","iHome","33","62.084401137804889",
"RA-002-B","SwitchEasy Case iPod iPhone Runaway Black","4897017120229","SwitchEasy","49","6.2075996940374409",
"RA-002-CRR","SwitchEasy Case iPod iPhone Runaway Ruby","4897017120212","SwitchEasy","15","6.2075996940374409",
"RA-002-W","SwitchEasy Case iPod iPhone Runaway White","4897017120199","SwitchEasy","32","6.2075996940374409",
"SW-CANP3-BK","Switcheasy Case iPad 2 3 4 CANVAS Black","4897017127556","SwitchEasy","0","31.037999671816806",
"SW-CANP3-CHA","Switcheasy Case iPad 2 3 4 CANVAS Charcoal","4897017127563","SwitchEasy","18","31.037999671816806",
"SW-CANP3-MG","Switcheasy Case iPad 2 3 4 CANVAS Military Green","4897017127594","SwitchEasy","24","31.037999671816806",
"SW-CANP3-R","Switcheasy Case iPad 2 3 4 CANVAS Red","4897017127587","SwitchEasy","810","31.037999671816806",
"SW-CANV-BK","SwitchEasy Case iPad1 CANVAS Black","4897017124616","SwitchEasy","12","31.037999671816806",
"SW-CANV-BL","SwitchEasy Case iPad1 CANVAS Blue","4897017124623","SwitchEasy","4","31.037999671816806",
"SW-CANV-P","SwitchEasy Case iPad1 CANVAS Pink","4897017124609","SwitchEasy","1","31.037999671816806",
"SW-CAP-REB-W","SwitchEasy Case iPhone3G Capsule Rebel White","4897017120564","SwitchEasy","4","15.514798938822764",
"SW-CARP2-LW","SwitchEasy Case iPad 2 3 4 CARA Lime White","4897017126177","SwitchEasy","7","31.037999671816806",
"SW-CBP3-DGY","Switcheasy Case iPad 2 3 4 CoverBuddy Dark Grey","4897017127884","SwitchEasy","3","15.514798938822764",
"SW-COL4-BBL","SwitchEasy Case iPhone 4S Colors Pastel Baby Blue","4897017124760","SwitchEasy","4","9.3071996453285237",
"SW-COL4-BP","SwitchEasy Case iPhone 4S Colors Pastel Baby Pink","4897017124777","SwitchEasy","30","9.3071996453285237",
"SW-COL4-O","SwitchEasy Case iPhone 4 4S Colors Saffron","4897017124289","SwitchEasy","0","9.3071996453285237",
"SW-COLG2-LC","Colors Lilac Soft silicon case with award winning 'Jelly Bea","4897017126399","SwitchEasy","9","8.9879995591640522",
"SW-COLT-BK","SwitchEasy Case For iPod Touch 4G Colors Stealth","4897017124654","SwitchEasy","26","9.3071996453285237",
"SW-COLT-W","SwitchEasy Case iPod Touch4 Colors Milk","4897017124661","SwitchEasy","0","9.3071996453285237",
"SW-COLT-Y","SwitchEasy Case iPod Touch4 Colors Mican","4897017124685","SwitchEasy","16","9.3071996453285237",
"SW-DUI4-BK","SwitchEasy Case iPhone 4 4S DUO Black","4897017124999","SwitchEasy","18","18.101998793959638",
"SW-DUI4-BR","SwitchEasy Case iPhone 4 4S DUO Brown","4897017125026","SwitchEasy","66","18.101998793959638",
"SW-ECL4S-BK","SwitchEasy Case iPhone4 4S Eclipse Black","4897017126832","SwitchEasy","9","12.927599884772292",
"SW-GLI4-BL","SwitchEasy Case iPhone 4 4S Glitz Blue","4897017124838","SwitchEasy","7","18.101998793959638",
"SW-GLI4-CR","SwitchEasy Case iPhone 4 4S Glitz Crystal","4897017125224","SwitchEasy","24","18.101998793959638",
"SW-GLI4-GN","SwitchEasy Case iPhone 4 4S Glitz Green","4897017124852","SwitchEasy","23","18.101998793959638",
"SW-MEL4S-BK","SwitchEasy Case iPhone 4 4S Melt Sesame","4897017126757","SwitchEasy","33","20.689198649096511",
"SW-MEL4S-P","SwitchEasy Case iPhone 4 4S Melt Berry","4897017126795","SwitchEasy","24","20.689198649096511",
"SW-MEL4S-W","SwitchEasy Case iPhone 4 4S Melt Vanilla","4897017126764","SwitchEasy","0","20.689198649096511",
"SW-MEL4S-Y","SwitchEasy Case iPhone 4 4S Melt Caramel","4897017126771","SwitchEasy","1","20.689198649096511",
"SW-NUT4-P","SwitchEasy Case For iPod Touch 4G NUDE Fuchsia","4897017125064","SwitchEasy","8","12.927599884772292",
"SW-NUT4-R","SwitchEasy Case For iPod Touch 4G NUDE Red","4897017125057","SwitchEasy","119","12.927599884772292",
"SW-NUT4-W","SwitchEasy Case For iPod Touch 4G NUDE White","4897017125040","SwitchEasy","102","12.927599884772292",
"SW-ODI4-BL","SwitchEasy Case iPhone 4 4S Odyssey Blue","4897017125187","SwitchEasy","6","18.101998793959638",
"SW-ODI4-R","SwitchEasy Case iPhone 4 4S Odyssey Red","4897017125170","SwitchEasy","7","18.101998793959638",
"SW-ODI4-RW","SwitchEasy Case iPhone 4 4S Odyssey Red/White","4897017125163","SwitchEasy","8","18.101998793959638",
"SW-ODI4-T","SwitchEasy Case iPhone 4 4S Odyssey Tan","4897017125217","SwitchEasy","46","18.101998793959638",
"SW-ODI4-W","SwitchEasy Case iPhone 4 4S Odyssey White","4897017124883","SwitchEasy","7","18.101998793959638",
"SW-PUR4-AAR","SwitchEasy Screen iPhone 4 4S Pure Anti-Reflect +","4897017124197","SwitchEasy","38","11.894399500465397",
"SW-PUR4-P","SwitchEasy Screen Protector iPhone 4S Pure Protect","4897017124043","SwitchEasy","140","8.2740000621080299",
"SW-PUR4-PP","SwitchEasy Screen iPhone 4 4S Pure Protect +","4897017124173","SwitchEasy","53","11.894399500465397",
"SW-PUR4-R","SwitchEasy Screen Protector iPhone 4S Pure Reflect","4897017124050","SwitchEasy","9","8.2740000621080299",
"SW-PUR4-RR","SwitchEasy Screen iPhone 4 4S Pure Reflect +","4897017124180","SwitchEasy","25","11.894399500465397",
"SW-PURP2-AR","SwitchEasy Screen iPad 2 3 4 Pure Anti-Reflect","4897017125392","SwitchEasy","103","10.340400029635418",
"SW-PURP2-P","SwitchEasy Screen iPad 2 3 4 Pure Protect","4897017125378","SwitchEasy","8","9.3071996453285237",
"SW-PURP2-R","SwitchEasy Screen iPad 2 3 4 Pure Reflect","4897017125385","SwitchEasy","99","12.927599884772292",
"SW-PUT4-AR","SwitchEasy Case iPod Touch4 Pure Anti-Reflect","4897017124814","SwitchEasy","16","8.2740000621080299",
"SW-PUT4-R","SwitchEasy Case iPod Touch4 Pure Reflect","4897017124821","SwitchEasy","21","8.2740000621080299",
"SW-REB4-BL","SwitchEasy Case iPhone 4 4S Capsule Rebel Blue","4897017124937","SwitchEasy","32","18.101998793959638",
"SW-REB4-R","SwitchEasy Case iPhone 4 4S Capsule Rebel Red","4897017124555","SwitchEasy","11","18.101998793959638",
"SW-REB4-W","SwitchEasy Case iPhone 4 4S Capsule Rebel White","4897017124548","SwitchEasy","86","18.101998793959638",
"SW-REB4-Y","SwitchEasy Case iPhone 4 4S Capsule Rebel Yellow","4897017124951","SwitchEasy","22","18.101998793959638",
"SW-REI4-GN","SwitchEasy Case iPhone 4 4S","4897017124500","SwitchEasy","24","18.101998793959638",
"SW-RET4-R","SwitchEasy Case Touch 4G Capsule Rebel Red","4897017124920","SwitchEasy","16","18.101998793959638",
"SW-RET4-W","SwitchEasy Case Touch 4G Capsule Rebel White","4897017122834","SwitchEasy","6","18.101998793959638",
"SW-SKPROE-CR","SwitchEasy Keyboard Cover SafeKeys Crystal","4897017125880","SwitchEasy","2","15.514798938822764",
"SW-THNP2-BK","Switcheasy Case iPad 2 3 4 Thins Black","4897017126108","SwitchEasy","15","25.863599961543059",
"SW-THNP2-PU","Switcheasy Case iPad 2 3 4 Thins Viola","4897017126115","SwitchEasy","19","25.863599961543059",
"SW-TKN6-BK","SwitchEasy Case iPod Nano6 Ticker Black","4897017125118","SwitchEasy","14","15.514798938822764",
"SW-TKN6-BL","SwitchEasy Case iPod Nano6 Ticker Blue","4897017125149","SwitchEasy","8","15.514798938822764",
"SW-TKN6-O","SwitchEasy Case iPod Nano6 Ticker Orange","4897017125132","SwitchEasy","18","15.514798938822764",
"SW-TKN6-T","SwitchEasy Case iPod Nano6 Ticker Aubergine","4897017125101","SwitchEasy","17","15.514798938822764",
"SW-TM4-L","SwitchEasy Case iPhone 4 4S Trim Lime","4897017124333","SwitchEasy","5","12.927599884772292",
"SW-TM4-P","SwitchEasy Case iPhone 4 4S Trim Pink","4897017124364","SwitchEasy","10","12.927599884772292",
"SW-TM4-R","SwitchEasy Case iPhone 4 4S Trim Red","4897017124319","SwitchEasy","33","12.927599884772292",
"SW-TRIP-BL","SwitchEasy Case iPad 2 3 4 TRIG Blue","4897017123886","SwitchEasy","5","25.863599961543059",
"SW-TRIP-MU","SwitchEasy Case iPad 2 3 4 TRIG Mustard","4897017123893","SwitchEasy","4","25.863599961543059",
"SW-VUL4-UB","SwitchEasy Case iPhone 4 4S Vulcan Black","4897017124463","SwitchEasy","65","12.927599884772292",
"SW-VUL4-UC","SwitchEasy Case iPhone 4 4S Vulcan White","4897017124470","SwitchEasy","8","12.927599884772292",
"SW-VULP-UC","SwitchEasy Case iPad1 Vulcan UltraClear","4897017123930","SwitchEasy","1","18.101998793959638",
"TR1-BK","Trax Custom Fit Sport Headphones Black","689076071017","H2O","16","20.689198649096511",
"TR1-GN","Trax Custom Fit Sport Headphones Green","689076071116","H2O","6","20.689198649096511",
"TTBLU-008","Lunatik Watchband Nano 6G TikTok Cyan","852352003082","Minimal","288","20.689198649096511",
"TTMAG-007","Lunatik Watchband Nano 6G TikTok Magenta","852352003075","Minimal","288","20.689198649096511",
"TTYEL-009","Lunatik Watchband Nano 6G TikTok Yellow","852352003099","Minimal","164","20.689198649096511",
"KESG28","Marware Case Kindle Touch SportGrip Gray FFP","602956009795","Marware","10","12.927599884772292",
"BT-900-00019-03","Beats Headphone iPhone Tour Black","848447000869","Beats by Dre","819","93.130799399447369",
"LLBLK-017","Lunatik Watchband Nano 6 Chicago Leather Black","852352003310","Minimal","343","72.433200558352382",
"PMFS128BLOR","Puma Case iPad 3 4 El Rey Portfolio Black / Red","886510021267","Puma","100","20.689198649096511",
"SW-PUR5-P","SwitchEasy Protector iPhone5Pure UltraClear","4897017130266","SwitchEasy","79","7.7531993734121443",
"SW-EXEP3-O","Switcheasy Case iPad 2 3 4 Exec Orange","4897017128102","SwitchEasy","36","36.212399382090553",
"SW-EXEP3-P","Switcheasy Case iPad 2 3 4 Exec Pink","4897017128096","SwitchEasy","36","36.212399382090553",
"IP-1403","PDP Case iPhone4 Disney Tinkerbell Pink","0708056514037","PDP","171","12.927599884772292",
"PMAD2001BLWH","Puma Sleeve Laptop Formstripe 11 Black / White","886510035301","Puma","4","20.689198649096511",
"C0070-AC","Uncommon Case iPhone 5 Capsule Festival","846899012959","Uncommon","16","20.689198649096511",
"SW-TM4-W","SwitchEasy Case iPhone 4 4S Trim Arctic","4897017124302","SwitchEasy","24","12.927599884772292",
"SW-REB4-PU","SwitchEasy Case iPhone 4 4S Capsule Rebel Purple","4897017124968","SwitchEasy","10","18.101998793959638",
"KGAT14","Marware Case Kindle Kindle Touch Atlas Pink","602956009481","Marware","512","15.514798938822764",
"PMAP1012GRY","Puma Sleeve Laptop Heritage 15 Grey","886510007780","Puma","26","20.689198649096511",
"SW-EXEP3-BK","Switcheasy Case iPad 2 3 4 Exec Black","4897017128089","SwitchEasy","22","36.212399382090553",
"SW-EXEP3-BL","Switcheasy Case iPad 2 3 4 Exec Blue","4897017128119","SwitchEasy","34","36.212399382090553",
"ID91","iHome Speaker iPad 3 iPhone 4S iD91 Black / Silver","47532897272","iHome","210","72.433200558352382",
"SW-REB4-GN","SwitchEasy Case iPhone 4 4S Capsule Rebel Green","4897017124944","SwitchEasy","14","18.101998793959638",
"1014922","Klipsch Headphone Image S4i Rugged Orange / Black","743878024661","Klipsch","589","51.735598512911793",
"C0070-AB","Uncommon Case iPhone  5 Capsule Bloom Multi","846899012942","Uncommon","17","20.689198649096511",
"JI-1431","JIVO Headphones ONE DIRECTION SnapCaps White","5391514466648","Jivo Technology","7268","18.101998793959638",
"JI-1430","JIVO Headphones ONE DIRECTION SnapCaps Black","5391514466631","Jivo Technology","5208","18.101998793959638",
"SW-COL5-MT","SwitchEasy Case iPhone5 Colors Mint","4897017129284","SwitchEasy","41","11.894399500465397",
"PMAD2002NVY","Puma Sleeve Laptop Formstripe 13 Navy","886510035424","Puma","73","20.689198649096511",
"PMAD2002RED","Puma Sleeve Laptop Formstripe 13 Red","886510035448","Puma","874","20.689198649096511",
"602956010258","Marware Case iPad 3 C.E.O. Hybrid Red","602956010258","Marware","567","25.863599961543059",
"PMAD6000-BLK","Puma Headphone iPhone El Diego In Ear + Mic Black","886510009838","Puma","1052","31.037999671816806",
"PMAD6000-CYAN","Puma Headphone iPhone El Diego In Ear + Mic Cyan","886510010377","Puma","340","31.037999671816806",
"PMAD6000-OLV","Puma Headphone iPhone El Diego In Ear + Mic Olive","886510009876","Puma","521","31.037999671816806",
"PMAD6000-ORG","Puma Headphone iPhone El Diego In Ear + Mic Orange","886510023056","Puma","225","31.037999671816806",
"PMAD6000-PNK","Puma Headphone iPhone El Diego In Ear + Mic Pink","886510009913","Puma","623","31.037999671816806",
"PMAD6000-RED","Puma Headphone iPhone El Diego In Ear + Mic Red","886510009845","Puma","405","31.037999671816806",
"PMAD6000-WHT","Puma Headphone iPhone El Diego In Ear + Mic White","886510009883","Puma","380","31.037999671816806",
"PMAD6007-BLK","Puma Headphone Pro Performance Sport Bud + Mic Blk","886510010322","Puma","1298","41.386799092364299",
"PMAD6007-JAM","Puma Headphone Pro Perform Sport Bud + Mic Jamaica","886510023957","Puma","330","41.386799092364299",
"PMAD6007-ORG","Puma Headphone Pro Perform Sport Bud + Mic Orange","886510010278","Puma","117","41.386799092364299",
"PMAD6007-PNK","Puma Headphone Pro Performance Sport Bud Mic Pink","886510010285","Puma","732","41.386799092364299",
"PMAD6007-RED","Puma Headphone Pro Performance Sport Bud + Mic Red","886510010292","Puma","1066","41.386799092364299",
"PMAD6007-WHT","Puma Headphone Pro Performance Sport Bud Mic White","886510010339","Puma","258","41.386799092364299",
"JI-1260","JIVO Sleeve Suit 13 Black","5391514463999","Jivo Technology","337","10.340400029635418",
"LLBRW-018","Lunatik Watchband Nano 6 Chicago Leather Brown","852352003327","Minimal","316","72.433200558352382",
"SW-NUI5-P","SwitchEasy Case iPhone5 NUDE Fuchsia","4897017128959","SwitchEasy","10","11.894399500465397",
"SW-PELP3-R","Switcheasy Case iPad 2 3 4 Pelle Red","4897017128225","SwitchEasy","37","36.212399382090553",
"PMAD2002BKRE","Puma Sleeve Laptop Formstripe 13 Black / Red","886510035370","Puma","86","20.689198649096511",
"SW-NUI5-BBL","SwitchEasy Case iPhone5 NUDE Baby Blue","4897017129000","SwitchEasy","91","11.894399500465397",
"SW-COL5-W","SwitchEasy Case iPhone5 Colors Milk","4897017129178","SwitchEasy","27","11.894399500465397",
"JK-BLUE-BOX","JLab Headphones JBuddies Blue","812887012591","JLab","5","12.927599884772292",
"726685","iWires Cable Cat 5e to Cat 5e network cable","5026272668507","Techlink","40","8.7947999497175147",
"726692","iWires Cable Cat 5e to Cat 5e Crossover Cable","5026272669207","Techlink","40","6.2075996940374409",
"PPYEL-028","Lunatik Polymer Touch Pen Yellow","852352003280","Minimal","171","10.340400029635418",
"PPWHT-024","Lunatik Polymer Touch Pen White","852352003242","Minimal","363","10.340400029635418",
"PPMAG-027","Lunatik Polymer Touch Pen Magenta","852352003273","Minimal","218","10.340400029635418",
"PPCYN-026","Lunatik Polymer Touch Pen Cyan","852352003266","Minimal","265","10.340400029635418",
"PPBLK-025","Lunatik Polymer Touch Pen Black","852352003259","Minimal","290","10.340400029635418",
"JI-1445","Jivo Case iPhone 5 Flip-Case Tan","5391514466808","Jivo Technology","1391","15.514798938822764",
"PMAD7071BRN","Puma Case iPad 3 4 El Rey Portfolio Brown","886510036162","Puma","615","20.689198649096511",
"1014830","Klipsch Headphone Image One II Black / Silver","743878024463","Klipsch","2369","77.607597064280526",
"1014834","Klipsch Headphone Image One II Bluetooth Blk Silvr","743878024470","Klipsch","1750","129.3516005757092",
"PMAD2061BRN","Puma Case iPad El Rey Brown","886510036278","Puma","223","15.514798938822764",
"TT5H-001","Lunatik Case iPhone 5 TAKTIK Black / Blk / Red","852352003549","Minimal","109","64.671596186423358",
"SW-COL5-PU","SwitchEasy Case iPhone5 Colors Viola","4897017129215","SwitchEasy","6","11.894399500465397",
"1014816","Klipsch Image S4A Black / Chrome V2","743878024647","Klipsch","1815","51.735598512911793",
"PMAD7070RED","Puma Case iPad 3 4 Formstripe Portfolio Red","886510036247","Puma","61","20.689198649096511",
"1015140","Klipsch Headphone Image S4 II White / Chrome","743878024937","Klipsch","824","41.386799092364299",
"1015145","Klipsch Headphone Image S4i II White / Chrome","743878024944","Klipsch","1350","51.735598512911793",
"GUM-STYLUS-SLV","Gumdrop Stylus Silver","815741011709","Gum-Drop","105","15.514798938822764",
"SW-PELP3-BL","Switcheasy Case iPad 2 3 4 Pelle Blue","4897017128218","SwitchEasy","36","36.212399382090553",
"INT4-BK-X","X-1 Case Shuffle 4 Interval Black","689076072113","H2O","0","51.735598512911793",
"SW-NUI5-W","SwitchEasy Case iPhone5 NUDE White","4897017128935","SwitchEasy","490","12.927599884772292",
"SW-CANP3-BR","Switcheasy Case iPad 2 3 4 CANVAS Brown","4897017127570","SwitchEasy","86","31.037999671816806",
"SW-NUI5-PU","SwitchEasy Case iPhone5 NUDE Purple","4897017128973","SwitchEasy","30","11.894399500465397",
"BT-900-00062-03","Beats Headphone iPhone iPod Solo HD Green","848447001491","Beats by Dre","76","113.82839183185115",
"SW-DAHI5-MT","SwitchEasy Case iPhone5 Dahlia Sparkling Mint","4897017130693","SwitchEasy","0","15.514798938822764",
"KGAT11","Marware Case Kindle Kindle Touch Atlas Black","602956009450","Marware","340","15.514798938822764",
"KGEF24","Marware Case Kindle Kindle Touch EcoFlip Pink FFP","602956009870","Marware","0","15.514798938822764",
"KGEV11","Marware Case Kindle Kindle Touch EcoVue Black","602956009610","Marware","558","15.514798938822764",
"KGEV14","Marware Case Kindle Kindle Touch EcoVue Pink","602956009634","Marware","68","15.514798938822764",
"JI-1305","JIVO Case Kindle / Kindle Touch Black / Purple","5391514464491","Jivo Technology","696","18.101998793959638",
"JI-1301","JIVO Case Kindle / Kindle Touch Black / Red","5391514464453","Jivo Technology","1955","18.101998793959638",
"SW-TRIP-BK","SwitchEasy Case iPad 2 3 4 TRIG Black","4897017123862","SwitchEasy","9","25.863599961543059",
"PMSLV-020","Lunatik Alloy Touch Pen Silver","852352003204","Minimal","201","20.689198649096511",
"PMAD7003BLK","Puma Case iPhone 4 4s Engineer Black","886510035899","Puma","788","18.101998793959638",
"SW-PELP3-P","Switcheasy Case iPad 2 3 4Pelle Pink","4897017128249","SwitchEasy","35","36.212399382090553",
"SW-NUI5-UC","SwitchEasy Case iPhone5 NUDE UltraClear","4897017128928","SwitchEasy","100","12.927599884772292",
"1014811","Klipsch Headphone Image S4 II Black / Chrome","743878024623","Klipsch","2815","41.386799092364299",
"1014813","Klipsch Headphone Image S4i II Black / Chrome","743878024630","Klipsch","1708","51.735598512911793",
"1014826","Klipsch Headphone Image X7i Black Ceramic","743878024487","Klipsch","1536","103.47959881999486",
"PMAD3031BLK","Puma Headphone Social + Mic Black","886510022462","Puma","119","20.689198649096511",
"SW-PELP3-BK","Switcheasy Case iPad 2 3 4 Pelle Black","4897017128201","SwitchEasy","37","36.212399382090553",
"SW-LAN5-W","SwitchEasy Case iPhone5 Lanyard Cream White","4897017129048","SwitchEasy","12","15.514798938822764",
"SW-NUI5-R","SwitchEasy Case iPhone5 NUDE Red","4897017128942","SwitchEasy","1","12.927599884772292",
"PMAD3034WHT","Puma Headphone Roadies + Mic White","886510022646","Puma","15","18.101998793959638",
"SW-BLO4S-MT","SwitchEasy Case iPhone 4S Avant-garde Blossom Mint","4897017127648","SwitchEasy","7","20.689198649096511",
"SW-PELP3-GN","Switcheasy Case iPad 2 3 4 Pelle Green","4897017128232","SwitchEasy","37","36.212399382090553",
"JI-1434","JIVO Headphones ONE DIRECTION Jellies Black","5391514466679","Jivo Technology","1975","10.340400029635418",
"SW-MEL4S-CM","SwitchEasy Case iPhone 4 4S Melt Choco-Mint","4897017128133","SwitchEasy","6","20.689198649096511",
"1014995","Klipsch Headphone Image S4i Rugged Yellow / Black","743878024692","Klipsch","601","51.735598512911793",
"SW-COL4-LC","SwitchEasy Case iPhone 4 4S Colors Pastel Lilac","4897017124784","SwitchEasy","0","9.3071996453285237",
"SW-COL5-Y","SwitchEasy Case iPhone5 Colors Mican","4897017129192","SwitchEasy","131","11.894399500465397",
"JI-1261","JIVO Sleeve Suit 13 Silver","5391514464002","Jivo Technology","492","10.340400029635418",
"JI-1262","JIVO Sleeve Suit 15 Silver","5391514464019","Jivo Technology","385","10.340400029635418",
"1015178","Klipsch Headphone Image X7i White Ceramic","743878025019","Klipsch","926","103.47959881999486",
"1014978","Klipsch Headphone Image S4i Rugged Red / Black","743878024685","Klipsch","567","51.735598512911793",
"CB1-BK-X","X-1 Headphones Flex Black","689076073714","H2O","34","15.514798938822764",
"BT-900-00039-03","Beats Headphone Heartbeats  Black","848447000371","Beats by Dre","215","139.70039358756549",
"SW-TON5-BK","SwitchEasy Case iPhone5 TONES Black","4897017129291","SwitchEasy","197","15.514798938822764",
"SW-DAHI5-Y","SwitchEasy Case iPhone5 Dahlia Sparkiling Yellow","4897017130716","SwitchEasy","0","15.514798938822764",
"BT-900-00054-31","Beats Speaker Bluetooth Pill Red UK Plug","848447002283","Beats by Dre","348","139.70039358756549",
"BOMBORA-PNK-BOX","Jlab Headphones Bombora- Passion Fruit Pink / Gray","812887012737","JLab","10","36.212399382090553",
"BT-900-00005-03","Beats Headphone iPhone iPod Powerbeats Black","848447000470","Beats by Dre","336","77.607597064280526",
"C0020-FT","Uncommon Case iPhone 5 Deflector Forever Birds","846899012379","Uncommon","875","18.101998793959638",
"JI-1268","Jivo Sleeve MacBook 11 Silver","5391514464071","Jivo Technology","469","10.340400029635418",
"SW-NUIP3-UB","Switcheasy Case iPad 2 3 4 NUDE UltraBlack","4897017129079","SwitchEasy","37","18.101998793959638",
"SW-NUIP3-UC","Switcheasy Case iPad 2 3 4 NUDE UltraClear","4897017129086","SwitchEasy","7","18.101998793959638",
"SW-NUIP3-W","Switcheasy Case iPad 2 3 4 NUDE White","4897017129093","SwitchEasy","35","18.101998793959638",
"C0070-AA","Uncommon Case iPhone 5 Deflector Festival","846899012935","Uncommon","11","18.101998793959638",
"IP-1633","PDP Case iPhone 4/4s Marvel Spiderman Emblem","0708056516338","PDP","240","15.514798938822764",
"PD3-Z1-C-B","M-Edge Latitude Case for iPad 2 3 4 Black","813580017456","M-Edge","31","20.689198649096511",
"SW-COL5-BK","SwitchEasy Case iPhone5 Colors Stealth","4897017129161","SwitchEasy","49","11.894399500465397",
"SW-PUR5-AR","SwitchEasy Protector iPhone5 Pure Matte","4897017130273","SwitchEasy","88","7.7531993734121443",
"PMAD2003RED","Puma Sleeve Laptop Formstripe 15 Red","886510035523","Puma","221","20.689198649096511",
"PMAD2061BKRE","Puma Case iPad El Rey Black / Red","886510036261","Puma","39","15.514798938822764",
"AF2-ZR-C-BR","M-Edge Case for Kindle Fire HD 7 Latitude\, Blk/Red","849108000693","M-Edge","36","18.101998793959638",
"JI-1436","JIVO Headphones ONE DIRECTION Jellies Red","5391514466693","Jivo Technology","801","10.340400029635418",
"JI-1343","JIVO Case Kindle Fire Chapter & Verse Leather Blk","5391514465467","Jivo Technology","3099","18.101998793959638",
"JI-1341","JIVO Case Kindle Fire Chapter & Verse Leather Red","5391514465443","Jivo Technology","1552","18.101998793959638",
"PMRED-022","Lunatik Alloy Touch Pen Red","852352003228","Minimal","224","20.689198649096511",
"PMBLK-021","Lunatik Alloy Touch Pen Black","852352003211","Minimal","533","20.689198649096511",
"BT-900-00072-03","Beats Headphones Studio Purple","848447000784","Beats by Dre","308","181.09559126975546",
"PMAD2001RED","Puma Sleeve Laptop Formstripe 11 Red","886510035363","Puma","10","20.689198649096511",
"SW-COL5-R","SwitchEasy Case iPhone5 Colors Crimson","4897017129185","SwitchEasy","85","11.894399500465397",
"SW-NUI5-UB","SwitchEasy Case iPhone5 NUDE UltraBlack","4897017128911","SwitchEasy","17","12.927599884772292",
"SW-NUI5-TU","SwitchEasy Case iPhone5 NUDE Turquoise","4897017128966","SwitchEasy","5","11.894399500465397",
"SW-COL5-O","SwitchEasy Case iPhone5 Colors Saffron","4897017129246","SwitchEasy","6","11.894399500465397",
"SW-PUR5-R","SwitchEasy Protector iPhone5 Pure Mirror","4897017130280","SwitchEasy","98","7.7531993734121443",
"SW-COL5-BBL","SwitchEasy Case iPhone5 Colors Baby Blue","4897017129253","SwitchEasy","29","11.894399500465397",
"SW-NUIP3-R","Switcheasy Case iPad 2 3 4 NUDE Red","4897017129109","SwitchEasy","36","18.101998793959638",
"SW-NUIP3-L","Switcheasy Case iPad 2 3 4NUDE Lime","4897017129130","SwitchEasy","30","18.101998793959638",
"JI-1441","Jivo Case iPhone 5 Alu-Case  Black","5391514466723","Jivo Technology","471","12.927599884772292",
"JI-1440","Jivo Case iPhone 5 Ventana Crystal White","5391514466761","Jivo Technology","1356","8.7947999497175147",
"JI-1439","Jivo Case iPhone 5 Ventana Crystal Black","5391514466754","Jivo Technology","1197","8.7947999497175147",
"SW-VTGT-BK","SwitchEasy Case Galaxy Tab 7 VAULT Black","4897017125620","SwitchEasy","18","25.863599961543059",
"1014810","Klipsch Speaker ProMedia 2.1 THX Black","743878024524","Klipsch","1294","103.47959881999486",
"PMAD2010RED","Puma Sleeve Laptop Formstripe 15.6 Red","886510035752","Puma","230","20.689198649096511",
"PMAD2021BLK","Puma Sleeve Laptop Engineer 13 Black","886510035233","Puma","42","20.689198649096511",
"PMAD2023BLK","Puma Sleeve Laptop Engineer 15.6 Black","886510035769","Puma","239","20.689198649096511",
"SW-EXEP3-GN","Switcheasy Case iPad 2 3 4 Exec Green","4897017128126","SwitchEasy","32","36.212399382090553",
"PMFS128NVY","Puma Case iPad 3 4 El Rey Portfolio Navy","886510021274","Puma","100","20.689198649096511",
"IP-1634","PDP Case iPhone 4/4s Marvel Spiderman Mask","0708056516345","PDP","223","15.514798938822764",
"C0020-FS","Uncommon Case iPhone 5 Deflector Brocade Lace Pink","846899012362","Uncommon","1146","18.101998793959638",
"JI-1461","Jivo Case Fire HD 7 Folio + Stylus Black","5391514466907","Jivo Technology","81","20.689198649096511",
"SW-COL5-L","SwitchEasy Case iPhone5 Colors Lime","4897017129222","SwitchEasy","95","11.894399500465397",
"PMAD3033JAM","Puma Headphones 360 Yarn Buds Jamaica","886510022516","Puma","1689","18.101998793959638",
"PMAD7070NVY","Puma Case iPad 3 4 Formstripe Portfolio Navy","886510036230","Puma","41","20.689198649096511",
"PMAD2023TAN","Puma Sleeve Laptop Engineer 15.6 Tan","886510035783","Puma","40","20.689198649096511",
"0APLSQF069","Orla Kiely Carry Case 15 Laptop Square Flower","5051179378501","Orla Kiely","13","41.386799092364299",
"JI-1437","JIVO Headphones ONE DIRECTION Jellies Pink","5391514466709","Jivo Technology","232","10.340400029635418",
"SW-NUI5-L","SwitchEasy Case iPhone5 NUDE Lime","4897017128980","SwitchEasy","42","11.894399500465397",
"SW-NUI5-MT","SwitchEasy Case iPhone5 NUDE Mint","4897017129024","SwitchEasy","17","11.894399500465397",
"SW-COL5-TU","SwitchEasy Case iPhone5 Colors Turquoise","4897017129239","SwitchEasy","20","11.894399500465397",
"SW-NUIP3-BL","Switcheasy Case iPad 2 3 4NUDE Blue","4897017129123","SwitchEasy","36","18.101998793959638",
"1014915","Klipsch Headphone Image S4i Rugged Blue / Black","743878024678","Klipsch","585","51.735598512911793",
"JI-1442","Jivo Case iPhone 5 Alu-Case White","5391514466730","Jivo Technology","232","12.927599884772292",
"JI-1444","Jivo Case iPhone 5 Flip-Case Black","5391514466792","Jivo Technology","1328","15.514798938822764",
"SW-COL5-P","SwitchEasy Case iPhone5 Colors Fuchsia","4897017129208","SwitchEasy","20","11.894399500465397",
"SW-NUI5-BP","SwitchEasy Case iPhone5 NUDE Baby Pink","4897017128997","SwitchEasy","64","11.894399500465397",
"WRM-WE0-01","StemIZON20RemoteRoomMonitor","859633002383","Stem Innovation","787","67.258797643733033",
"IP-1416","PDP Case iPhone 4/4s Marvel Hulk Flex","0708056514167","PDP","94","12.927599884772292",
"SW-LAN5-BR","SwitchEasy Case iPhone5 Lanyard Classic Brown","4897017129147","SwitchEasy","28","15.514798938822764",
"PMAP1011GRY","Puma Sleeve Laptop Heritage 13 Grey","886510007766","Puma","26","20.689198649096511",
"PMAD7003TAN","Puma Case iPhone 4 4s Engineer Tan","886510035929","Puma","839","18.101998793959638",
"JI-1435","JIVO Headphones ONE DIRECTION Jellies White","5391514466686","Jivo Technology","1056","10.340400029635418",
"AF2-Z-C-B","M-Edge Case for Kindle Fire HD 7 Latitude\, Black","849108000051","M-Edge","30","18.101998793959638",
"JI-1433","JIVO Headphones ONE DIRECTION SnapCaps Pink","5391514466662","Jivo Technology","4797","18.101998793959638",
"JI-1432","JIVO Headphones ONE DIRECTION SnapCaps Red","5391514466655","Jivo Technology","6453","18.101998793959638",
"BT-900-00049-03","Beats Speaker Bluetooth Beatbox Portable Black","848447000319","Beats by Dre","262","139.70039358756549",
"PM1-IN1-MF-P","M-Edge Case iPad Mini Incline Purple","849108000273","M-Edge","803","16.03559962751865",
"SW-COL5-LC","SwitchEasy Case iPhone5 Colors Lilac","4897017129277","SwitchEasy","26","11.894399500465397",
"SW-COL5-BP","SwitchEasy Case iPhone5 Colors Baby Pink","4897017129260","SwitchEasy","31","11.894399500465397",
"DS5G-BLK-RED","Gumdrop Case iPhone 5 Drop Series Black Red","815741013086","Gum-Drop","8","23.276398504233384",
"DS5G-BLK","Gumdrop Case iPhone 5 Drop Series Black Black","815741013079","Gum-Drop","0","23.276398504233384",
"DS5G-ARGN","Gumdrop Case iPhone 5 Drop Series Army Green","815741013062","Gum-Drop","33","23.276398504233384",
"SW-TON5-P","SwitchEasy Case iPhone5 TONES Pink","4897017129314","SwitchEasy","8","15.514798938822764",
"C0070-Z","Uncommon Case iPhone 5 Deflector Bloom Multi","846899012928","Uncommon","12","18.101998793959638",
"KGJU1G","Marware Case Kindle Kindle Touch Jurni Pink/ Black","602956009399","Marware","37","15.514798938822764",
"BT-900-00011-03","Beats Headphone iPhone iPod Solo HD Black","848447000609","Beats by Dre","2094","113.82839183185115",
"BT-900-00064-03","Beats Headphone iPhone iPod Solo HD Purple","848447001514","Beats by Dre","723","113.82839183185115",
"BT-900-00070-03","Beats Headphone iPhone Studio Green","848447000746","Beats by Dre","89","181.09559126975546",
"BT-900-00035-03","Beats Headphone Pro White","848447000555","Beats by Dre","330","232.83959478118413",
"KHVB11","Marware Case Fire HD 7 Vibe Black","602956010395","Marware","135","12.927599884772292",
"SW-BLO4S-LC","SwitchEasy Case iPhone 4S Avantgarde Blossom Lilac","4897017127655","SwitchEasy","4","20.689198649096511",
"PMAD7064BLK","Puma Case iPhone 5 Case Monoline Black","886510040305","Puma","444","15.514798938822764",
"PMAD7064PNK","Puma Case iPhone 5 Case Monoline Pink","886510040329","Puma","439","15.514798938822764",
"BT-900-00073-03","Beats Headphones Studio Silver","848447000821","Beats by Dre","307","181.09559126975546",
"SW-NUI5-LC","SwitchEasy Case iPhone5 NUDE Lilac","4897017129017","SwitchEasy","7","11.894399500465397",
"JI-1463","Jivo Case Fire HD 7 Folio + Stylus Red","5391514466921","Jivo Technology","983","20.689198649096511",
"KGJU1E","Marware Case Kindle KindleTouch Jurni Black/ Black","602956009382","Marware","40","15.514798938822764",
"BT-900-00008-03","Beats Speaker iPhone4 Bluetooth Beatbox Black","848447001699","Beats by Dre","167","139.70039358756549",
"BT-900-00065-03","Beats Headphone iPhone iPod Solo HD Light Blue","848447001521","Beats by Dre","588","113.82839183185115",
"602956010845","Marware Case iPhone 5 MicroShell Clear","602956010845","Marware","73","12.927599884772292",
"SW-TON5-W","SwitchEasy Case iPhone5 TONES White","4897017129307","SwitchEasy","224","15.514798938822764",
"KGEV16","Marware Case Kindle Kindle Touch EcoVue Brown","602956009627","Marware","33","15.514798938822764",
"SW-MEL4S-CS","SwitchEasy Case iPhone 4 4S Melt Choco-Strawberry","4897017128140","SwitchEasy","15","20.689198649096511",
"JI-1462","Jivo Case Fire HD 7 Folio + Stylus Pink","5391514466914","Jivo Technology","475","20.689198649096511",
"AIHB11","Marware Case iPad Mini C.E.O. Hybrid Black","602956010647","Marware","163","20.689198649096511",
"PM1-IN1-MF-B","M-Edge Case iPad Mini Incline Black","849108000624","M-Edge","31","16.03559962751865",
"BT-900-00068-03","Beats Speaker iPhone4 Bluetooth Beatbox White","848447001736","Beats by Dre","84","139.70039358756549",
"BT-900-00034-03","Beats Headphone Pro Black","848447000531","Beats by Dre","266","232.83959478118413",
"KGJU1B","Marware Case Kindle Kindle Touch Jurni Red / Black","602956009351","Marware","40","15.514798938822764",
"PMAD7069BLK","Puma Case iPhone 5 Engineer Black","886510044075","Puma","438","15.514798938822764",
"AIVB1Y","Marware Case iPad Mini Vibe Purple","602956011361","Marware","23","15.514798938822764",
"AF2-Z-C-R","M-Edge Case for Kindle Fire HD 7 Latitude\, Red","849108000068","M-Edge","34","18.101998793959638",
"BTI-BlackEU","Amethyst Speaker Bluetooth iPig Black EU","5391514467072","Amethyst","0","36.212399382090553",
"0APLSQF065","Orla Kiely Sleeve 11 Laptop Square Flower","5051179378426","Orla Kiely","45","20.689198649096511",
"0APLSQF066","Orla Kiely Sleeve 13 Laptop Square Flower","5051179378440","Orla Kiely","26","20.689198649096511",
"0APLSQF067","Orla Kiely Sleeve 15 Laptop Square Flower","5051179378464","Orla Kiely","28","20.689198649096511",
"BT-900-00032-03","Beats Headphone Mixr White","848447000456","Beats by Dre","40","139.70039358756549",
"602956010838","Marware Case iPhone 5 MicroShell Black","602956010838","Marware","28","12.927599884772292",
"BT-900-00050-03","Beats Speaker Bluetooth Beatbox Portable White","848447000333","Beats by Dre","385","139.70039358756549",
"BT-900-00061-03","Beats Headphone iPhone iPod Solo HD Pink","848447001484","Beats by Dre","497","113.82839183185115",
"DT-IPADMINI-BLK","Gumdrop Case iPad Mini Drop Series Black Black","815741013055","Gum-Drop","128","31.037999671816806",
"PMAD3034MULT","Puma Headphone Roadies + Mic Multi","886510022592","Puma","64","18.101998793959638",
"BTI-BlackUK","Amethyst Speaker Bluetooth iPig Black UK","5391514467256","Amethyst","0","36.212399382090553",
"SW-TON5-TU","SwitchEasy Case iPhone5 TONES Turquoise","4897017129321","SwitchEasy","98","15.514798938822764",
"PMAD3034RED","Puma Headphone Roadies + Mic Red","886510022639","Puma","37","18.101998793959638",
"KGJU1F","Marware Case Kindle KindleTouch Jurni Beige/ Brown","602956009375","Marware","0","15.514798938822764",
"PMAD3034ORG","Puma Headphone Roadies + Mic Orange","886510022608","Puma","51","18.101998793959638",
"PMAD3032WHT","Puma Headphone Keg + Mic White","886510022493","Puma","99","20.689198649096511",
"PMAD3034CYAN","Puma Headphone Roadies + Mic Cyan","886510022578","Puma","41","18.101998793959638",
"PM1-Z-C-P","M-Edge Latitude Case for iPad Mini\, Purple","849108001072","M-Edge","34","18.101998793959638",
"PMAD3034BLK","Puma Headphone Roadies + Mic Black","886510022554","Puma","1470","18.101998793959638",
"PMAD3034PUR","Puma Headphone Roadies + Mic Purple","886510022622","Puma","84","18.101998793959638",
"PMAD3034ARM","Puma Headphone Roadies + Mic Olive","886510022547","Puma","55","18.101998793959638",
"PMAD3033MULT","Puma Headphones 360 Yarn Buds Multi","886510022523","Puma","100","18.101998793959638",
"PMAD3033FAAS","Puma Headphones 360 Yarn Buds FAAS","886510022509","Puma","99","18.101998793959638",
"BT-900-00020-03","Beats Headphone iPhone Tour White","848447000883","Beats by Dre","0","93.130799399447369",
"CHBLU-044","Lunatik Chubby Stylus Blue","852352003525","Minimal","0","10.340400029635418",
"BT-900-00025-03","Beats Headphone Mixr Red","848447001835","Beats by Dre","275","139.70039358756549",
"KDSG11","Marware Case Kindle SportGrip Black","602956009696","Marware","40","12.927599884772292",
"KDSG12","Marware Case Kindle SportGrip White","602956009702","Marware","40","12.927599884772292",
"KDSG14","Marware Case Kindle SportGrip Pink","602956009719","Marware","50","12.927599884772292",
"KDSG18","Marware Case Kindle SportGrip Gray","602956009733","Marware","38","12.927599884772292",
"BT-900-00023-03","Beats Headphones Studio White","848447000845","Beats by Dre","38","181.09559126975546",
"KESG11","Marware Case Kindle Touch SportGrip Black","602956009757","Marware","49","12.927599884772292",
"KESG12","Marware Case Kindle Touch SportGrip White","602956009764","Marware","67","12.927599884772292",
"AK4-Z1-C-NB","M-Edge Case Kindle Kindle Touch Latitude Navy Blue","813580016763","M-Edge","27","18.101998793959638",
"BT-900-00006-03","Beats Headphone iPhone iPod Powerbeats White","848447000517","Beats by Dre","271","77.607597064280526",
"KESG14","Marware Case Kindle Touch SportGrip Pink","602956009771","Marware","36","12.927599884772292",
"MM-IE1-CN","X-1 Headphones Momentum White/Cyan","689076073318","H2O","14","25.863599961543059",
"CHLIM-043","Lunatik Chubby Stylus Lime","852352003518","Minimal","98","10.340400029635418",
"IP-1892","PDP Case iPhone 5 Marvel Thor","0708056518929","PDP","92","15.514798938822764",
"CHORN-041","Lunatik Chubby Stylus Orange","852352003495","Minimal","7","10.340400029635418",
"CHVIO-042","Lunatik Chubby Stylus Violet","852352003501","Minimal","0","10.340400029635418",
"C0020-FP","Uncommon Case iPhone 5 Deflector HT Red & Black","846899012331","Uncommon","2719","18.101998793959638",
"PMAD3032RED","Puma Headphone Keg + Mic Red","886510022486","Puma","92","20.689198649096511",
"BT-900-00018-03","Beats Headphone iPhone iPod Solo HD Dark Blue","848447001804","Beats by Dre","0","113.82839183185115",
"KESG18","Marware Case Kindle Touch SportGrip Gray","602956009795","Marware","45","12.927599884772292",
"KGAT1H","Marware Case Kindle Kindle Touch Atlas Charcoal","602956009504","Marware","38","15.514798938822764",
"C0020-FR","Uncommon Case iPhone 5 Deflect Linear Floral Blue","846899012355","Uncommon","596","18.101998793959638",
"602956010937","Marware Case iPhone 5 rEVOLUTION White Sea","602956010937","Marware","20","18.101998793959638",
"602956010951","Marware Case iPhone 5 MicroShell Pink","602956010951","Marware","22","12.927599884772292",
"602956011033","Marware Screen Protector Kit iPhone 5","602956011033","Marware","226","6.2075996940374409",
"AIMF11","Marware Case iPad Mini MicroShell Folio Black","602956010739","Marware","4","18.101998793959638",
"AIMF1Y","Marware Case iPad Mini MicroShell Folio Purple","602956011408","Marware","35","18.101998793959638",
"C0020-FQ","Uncommon Case iPhone 5 Deflector Mini Dots Teal","846899012348","Uncommon","820","18.101998793959638",
"PMAD3034BLWH","Puma Headphone Roadies + Mic Black / White","886510022561","Puma","90","18.101998793959638",
"BT-900-00009-03","Beats Headphone Wireless Black","848447000906","Beats by Dre","0","163.50598976814763",
"SW-LAN5-GY","SwitchEasy Case iPhone5 Lanyard Quartz Grey","4897017130426","SwitchEasy","33","15.514798938822764",
"BT-900-00069-03","Beats Headphone iPhone Studio Blue","848447000722","Beats by Dre","387","181.09559126975546",
"0APLSQF070","Orla Kiely Shoulder Bag 15 Laptop Square Flower","5051179378525","Orla Kiely","40","67.258797643733033",
"PD3-TR1-C-P","M-Edge Trip Case for iPad 2 3 4 Purple","813580016138","M-Edge","15","20.689198649096511",
"CHWHT-045","Lunatik Chubby Stylus White","852352003532","Minimal","94","10.340400029635418",
"SW-COLT5-P","Switcheasy Case iPod Touch5 Colors Pink","4897017129628","SwitchEasy","18","12.927599884772292",
"SW-COLT5-PU","Switcheasy Case iPod Touch5 Colors Viola","4897017129635","SwitchEasy","10","12.927599884772292",
"SW-LAN5-P","SwitchEasy Case iPhone5 Lanyard Blossom Pink","4897017129055","SwitchEasy","119","15.514798938822764",
"0APLSQF068","Orla Kiely Carry Case 13 Laptop Square Flower","5051179378488","Orla Kiely","60","41.386799092364299",
"BT-900-00071-03","Beats Headphone iPhone Studio Orange","848447000760","Beats by Dre","257","181.09559126975546",
"PM1-Z-C-R","M-Edge Latitude Case for iPad Mini\, Red","849108001065","M-Edge","34","18.101998793959638",
"FLK5-003","Lunatik Case iPhone 5 FLAK Black / Pink","852352003686","Minimal","32","18.101998793959638",
"BT-900-00047-03","Beats Headphone Executive Silver","848447001705","Beats by Dre","192","139.70039358756549",
"SW-HEAKI5-P","SwitchEasy Case iPhone5 KIRIGAMI Heart Hot Love","4897017130099","SwitchEasy","6","15.514798938822764",
"SW-NUIP3-P","Switcheasy Case iPad 2 3 4 NUDE Fuchsia","4897017129116","SwitchEasy","38","18.101998793959638",
"SW-COLN7-L","Switcheasy Case iPod Nano7 Colors Yellow","4897017129895","SwitchEasy","18","9.3071996453285237",
"PM1-IN1-MF-R","M-Edge Case iPad Mini Incline Red","849108000631","M-Edge","34","16.03559962751865",
"BT-900-00031-03","Beats Headphone Mixr Black","848447000418","Beats by Dre","1261","139.70039358756549",
"AK3-Z1-C-NB","M-Edge Case Kindle Fire Latitude Navy Blue","813580017913","M-Edge","35","18.101998793959638",
"AK3-Z1-C-P","M-Edge Case Kindle Fire Latitude Purple","813580017944","M-Edge","34","18.101998793959638",
"AK3-Z1-C-PK","M-Edge Case Kindle Fire Latitude Pink","813580017951","M-Edge","36","18.101998793959638",
"SW-PUR5-PRI","SwitchEasy Protector iPhone5 Pure Privacy","4897017130297","SwitchEasy","91","11.894399500465397",
"IP-1883","PDP Case iPhone 5 Disney Pop Art Mickey","0708056518837","PDP","0","15.514798938822764",
"IP-1884","PDP Case iPhone 5 Disney Pop Art Minnie","0708056518844","PDP","5","15.514798938822764",
"BT-900-00022-03","Beats Headphones Studio Black","848447000708","Beats by Dre","3131","181.09559126975546",
"1014929","Klipsch Headphone Image A5i Green / Grey Sport","743878024654","Klipsch","152","67.258797643733033",
"PMAD2010BLWH","Puma Sleeve Laptop Formstripe 15.6 Black / White","886510035691","Puma","129","20.689198649096511",
"AIVB1J","Marware Case iPad Mini Vibe Green","602956011422","Marware","38","15.514798938822764",
"BT-900-00077-03","Beats Headphone urBeats Gloss White","848447001538","Beats by Dre","0","51.735598512911793",
"PMAD2002BLWH","Puma Sleeve Laptop Formstripe 13 Black / White","886510035387","Puma","768","20.689198649096511",
"SW-MEL4S-MS","SwitchEasy Case iPhone 4 4S Melt Milky Strawberry","4897017129062","SwitchEasy","9","20.689198649096511",
"BT-900-00053-31","Beats Speaker Bluetooth Pill Black UK Plug","848447002276","Beats by Dre","14","139.70039358756549",
"AK4-GO1-MF-R","M-Edge Case Kindle Kindle Touch GO! Red","813580016787","M-Edge","34","18.101998793959638",
"BT-900-00066-03","Beats Headphone urBeats Matte Black","848447001576","Beats by Dre","0","51.735598512911793",
"BT-900-00012-03","Beats Headphone iPhone iPod Solo HD White","848447000647","Beats by Dre","3226","113.82839183185115",
"602956010920","Marware Case iPhone 5 rEVOLUTION Black Sea","602956010920","Marware","13","18.101998793959638",
"602956010975","Marware Case iPhone 5 MicroShell Blue","602956010975","Marware","2","12.927599884772292",
"SW-COLN7-PU","Switcheasy Case iPod Nano7 Colors Purple","4897017129888","SwitchEasy","15","9.3071996453285237",
"BT-900-00015-03","Beats Headphones Studio Pink","848447001415","Beats by Dre","217","181.09559126975546",
"SW-DAHI5-P","SwitchEasy Case iPhone5 Dahlia Sparkling Pink","4897017130709","SwitchEasy","11","15.514798938822764",
"SW-RCP-SR","SwitchEasy Case iPad 2 3 4 RibCage Mercury","4897017124036","SwitchEasy","9","20.689198649096511",
"BTI-PinkUK","Amethyst Speaker Bluetooth iPig Pink UK","5391514467263","Amethyst","0","36.212399382090553",
"PMAD7069TAN","Puma Case iPhone 5 Engineer Tan","886510044082","Puma","429","15.514798938822764",
"SW-HEAKI5-W","SwitchEasy Case iPhone5 KIRIGAMI Heart Pure Love","4897017130112","SwitchEasy","89","15.514798938822764",
"PD3-IN1-MF-PNW","M-Edge Incline Case for iPad 2 3 4\, Purple","813580016176","M-Edge","31","25.863599961543059",
"PD3-SH1-N-GNW","M-Edge SuperShell for iPad 2 3 4\, Green","813580019320","M-Edge","21","18.101998793959638",
"AK4-ZRM-C-BPK","M-Edge Case Kindle Kindle Touch Latitude Blk Pink","813580016770","M-Edge","32","18.101998793959638",
"SG-MN1-BK","X-1 Headphones Surge Mini Black/Blue","689076075114","H2O","4","25.863599961543059",
"SW-COLT5-W","Switcheasy Case iPod Touch5 Colors White","4897017129598","SwitchEasy","2","12.927599884772292",
"BT-900-00007-03","Beats Headphone iPhone iPod Powerbeats Red","848447000494","Beats by Dre","168","77.607597064280526",
"BT-900-00030-03","Beats Headphones Studio Red","848447000807","Beats by Dre","493","181.09559126975546",
"BT-900-00040-03","Beats Headphone Heartbeats White","848447000395","Beats by Dre","622","139.70039358756549",
"KGEF14","Marware Case Kindle Kindle Touch EcoFlip Pink","602956009870","Marware","40","15.514798938822764",
"AIHB1P","Marware Case iPad Mini C.E.O. Hybrid Carbon Fiber","602956010333","Marware","244","20.689198649096511",
"AIHB1Y","Marware Case iPad Mini C.E.O. Hybrid Purple","602956010661","Marware","44","20.689198649096511",
"TB1-KS-M-CBT","M-Edge SuperStylus\, Cobalt","813580015568","M-Edge","36","10.340400029635418",
"TB1-KS-M-PK","M-Edge SuperStylus\, Pink","813580014226","M-Edge","35","10.340400029635418",
"TB1-STY-M-B","M-Edge Stylus\, Black","813580016657","M-Edge","35","7.7531993734121443",
"iD50B","iHome Speaker Bluetooth iD50 Black","47532898132","iHome","13","119.0027947464705",
"BT-900-00013-03","Beats Headphone iPhone iPod Solo HD Red","848447000623","Beats by Dre","2674","113.82839183185115",
"602956010807","Marware Case iPhone 5 C.E.O. Prestige Plus Black","602956010807","Marware","35","20.689198649096511",
"SW-HEAKIP-BP","SwitchEasy Case iPhone5 KIRIGAMI Heart Sweet Love","4897017130105","SwitchEasy","11","15.514798938822764",
"BT-900-00010-03","Beats Headphone Wireless White","848447000920","Beats by Dre","555","163.50598976814763",
"SW-LAN5-BK","SwitchEasy Case iPhone5 Lanyard Shadoe Black","4897017129031","SwitchEasy","1","15.514798938822764",
"IA63","iHome Speaker iPhone 4 4S iA63 Black","47532896688","iHome","35","51.735598512911793",
"MM-IE1-PE","X-1 Headphones Momentum White/Purple","689076073219","H2O","13","25.863599961543059",
"MM-IE1-PK","X-1 Headphones Momentum Pink","689076072717","H2O","13","25.863599961543059",
"MM-IE1-TL","X-1 Headphones Momentum White/Teal","689076072816","H2O","15","25.863599961543059",
"MM-IE1-WE","X-1 Headphones Momentum White","689076072618","H2O","17","25.863599961543059",
"SW-NUT5-UC","Switcheasy Case iPod Touch5 NUDE UltraClear","4897017129727","SwitchEasy","220","12.927599884772292",
"SW-COLN7-W","Switcheasy Case iPod Nano7 Colors White","4897017129840","SwitchEasy","5","9.3071996453285237",
"602956010821","Marware Case iPhone 5 Stash Black","602956010821","Marware","27","18.101998793959638",
"SW-MONI5-GN","SwitchEasy Case iPhone5 MONSTERS Scrappy","4897017131065","SwitchEasy","1","12.927599884772292",
"602956011101","Marware Case iPhone 5 rEVOLUTION Carbon Fiber","602956011101","Marware","91","14.48159935560227",
"BTI-PinkEU","Amethyst Speaker Bluetooth iPig Pink EU","5391514467089","Amethyst","0","36.212399382090553",
"SW-MONI5-Y","SwitchEasy Case iPhone5 MONSTERS Freaky","4897017131072","SwitchEasy","10","12.927599884772292",
"SW-MONI5-P","SwitchEasy Case iPhone5 MONSTERS Pinky","4897017131096","SwitchEasy","4","12.927599884772292",
"AIHB14","Marware Case iPad Mini C.E.O. Hybrid Pink","602956010715","Marware","63","20.689198649096511",
"SW-COLT5-R","Switcheasy Case iPod Touch5 Colors Red","4897017129604","SwitchEasy","0","12.927599884772292",
"SW-BUTKI5-TU","SwitchEasy Case iPhone5 KIRIGAMI Butterfly Summer","4897017130129","SwitchEasy","2","15.514798938822764",
"KHVB17","Marware Case Fire HD 7 Vibe Red","602956010401","Marware","135","12.927599884772292",
"SW-BUTKI5-BK","SwitchEasy Case iPhone5 KIRIGAMI Butterfly Night","4897017130136","SwitchEasy","11","15.514798938822764",
"CB1-RB-X","X-1 Headphones Flex Red/Blue","689076073912","H2O","10","15.514798938822764",
"IP-1629","PDP Case iPhone 4/4s Captain America Shield","0708056516291","PDP","47","15.514798938822764",
"IP-1730","PDP Case Fire Marvel Venom Returns","0708056517304","PDP","48","15.514798938822764",
"SW-BUTKI5-PU","SwitchEasy Case iPhone5 KIRIGAMI Butterfly Lavendr","4897017130143","SwitchEasy","10","15.514798938822764",
"SW-NUT5-W","Switcheasy Case iPod Touch5 NUDE White","4897017129734","SwitchEasy","1","12.927599884772292",
"SW-BONDI5-W","SwitchEasy Case iPhone5 Bonds Snow White","4897017130730","SwitchEasy","19","18.101998793959638",
"BOUNCER-BLK-BOX","JLab Speaker Bouncer Black","812887012836","JLab","50","67.258797643733033",
"SW-NUT5-BP","Switcheasy Case iPod Touch5 NUDE Pink","4897017129796","SwitchEasy","29","12.927599884772292",
"SW-COLT5-BK","Switcheasy Case iPod Touch5 Colors Slate","4897017129581","SwitchEasy","22","12.927599884772292",
"SW-NUT5-L","Switcheasy Case iPod Touch5 NUDE Lime","4897017129789","SwitchEasy","16","12.927599884772292",
"FLK5-001","Lunatik Case iPhone 5 FLAK Black / Black","852352003662","Minimal","7","18.101998793959638",
"SW-BONDI5-BK","SwitchEasy Case iPhone5 Bonds Bondage Black","4897017130723","SwitchEasy","12","18.101998793959638",
"SW-NUT5-UB","Switcheasy Case iPod Touch5 NUDE UltraBlack","4897017129710","SwitchEasy","18","12.927599884772292",
"SW-CBPM-UB","Switcheasy Case iPad Mini CoverBuddy UltraBlack","4897017130495","SwitchEasy","76","12.927599884772292",
"SW-MONI5-BL","SwitchEasy Case iPhone5 MONSTERS Wicky","4897017131089","SwitchEasy","10","12.927599884772292",
"SW-DAHI5-W","SwitchEasy Case iPhone5 Dahlia Sparkling White","4897017130686","SwitchEasy","3","15.514798938822764",
"JI-1519","Jivo Case iPad Mini Stand function Candy Pink","5391514467638","Jivo Technology","518","20.689198649096511",
"FLK5-002","Lunatik Case iPhone 5 FLAK Black / White","852352003679","Minimal","23","18.101998793959638",
"SW-BONDI5-GN","SwitchEasy Case iPhone5 Bonds Grenade Green","4897017130747","SwitchEasy","19","18.101998793959638",
"TT5L-002","Lunatik Case iPhone 5 STRIKE White / Blk / Silver","852352003570","Minimal","23","41.386799092364299",
"JK-PURPLE-BOX","JLab Headphones JBuddies Purple","812887012614","JLab","2","12.927599884772292",
"AIVB11","Marware Case iPad Mini Vibe Black","602956011347","Marware","28","15.514798938822764",
"AIVB15","Marware Case iPad Mini Vibe Blue","602956011378","Marware","35","15.514798938822764",
"SW-NUT5-R","Switcheasy Case iPod Touch5 NUDE Red","4897017129741","SwitchEasy","14","12.927599884772292",
"AIAX1042","Marware Case iPad Mini Axis Tan","602956010777","Marware","15","23.276398504233384",
"AIAX11","Marware Case iPad Mini Axis Black","602956010760","Marware","23","23.276398504233384",
"AIAX17","Marware Case iPad Mini Axis Red","602956011606","Marware","39","23.276398504233384",
"AIHB17","Marware Case iPad Mini C.E.O. Hybrid Red","602956010654","Marware","28","20.689198649096511",
"AIMF15","Marware Case iPad Mini MicroShell Folio Blue","602956010753","Marware","34","18.101998793959638",
"SW-CBPM-UC","Switcheasy Case iPad Mini CoverBuddy UltraClear","4897017130587","SwitchEasy","80","12.927599884772292",
"AIVB17","Marware Case iPad Mini Vibe Red","602956011354","Marware","19","15.514798938822764",
"SW-COLT5-TU","Switcheasy Case iPod Touch5 Colors Turquoise","4897017129659","SwitchEasy","7","12.927599884772292",
"SW-COLT5-Y","Switcheasy Case iPod Touch5 Colors Yellow","4897017129611","SwitchEasy","11","12.927599884772292",
"SW-COLN7-R","Switcheasy Case iPod Nano7 Colors Red","4897017129857","SwitchEasy","0","9.3071996453285237",
"SW-COLN7-MT","Switcheasy Case iPod Nano7 Colors Green","4897017129956","SwitchEasy","18","9.3071996453285237",
"IP-1891","PDP Case iPhone 5 Marvel Iron Man","0708056518912","PDP","90","15.514798938822764",
"AISP1X","Marware Screen Protector Kit for iPad mini","602956011415","Marware","17","10.340400029635418",
"SW-MONI5-BK","SwitchEasy Case iPhone5 MONSTERS Ticky","4897017131058","SwitchEasy","11","12.927599884772292",
"JK-PINK-BOX","JLab Headphones JBuddies Pink","812887012607","JLab","8","12.927599884772292",
"IP-1889","PDP Case iPhone 5 Marvel Captain America","0708056518899","PDP","87","15.514798938822764",
"602956010869","Marware Case iPhone 5 MicroShell Onyx","602956010869","Marware","12","12.927599884772292",
"602956010876","Marware Case iPhone 5 MicroShell Goosebumps","602956010876","Marware","1","12.927599884772292",
"602956010968","Marware Case iPhone 5 rEVOLUTION Metal Jacket","602956010968","Marware","152","18.101998793959638",
"602956011071","Marware Purse iPhone 5 Zoey Luxor","602956011071","Marware","29","25.863599961543059",
"602956011088","Marware Purse iPhone 5 Zoey Onyx","602956011088","Marware","22","25.863599961543059",
"602956011095","Marware Case iPhone 5 FlipVue Black","602956011095","Marware","217","18.101998793959638",
"KIVB11","Marware Case Fire HD 8.9 Vibe Black","602956011286","Marware","50","18.101998793959638",
"C0020-JG","Uncommon Capsule Case iPhone 5 Hello Operator","846899016346","Uncommon","50","20.689198649096511",
"1014845","Klipsch Headphone Image E1 Black","743878024531","Klipsch","795","20.689198649096511",
"SMK5-005","Lunatik Case iPhone 5 SEISMIK Gray / Lime","852352003655","Minimal","0","18.101998793959638",
"SW-BONDI5-PU","SwitchEasy Case iPhone5 Bonds Furple Purple","4897017130754","SwitchEasy","27","18.101998793959638",
"CRASHER-GRY-BOX","JLab Speaker The Crasher Gray","812887012508","JLab","40","51.735598512911793",
"SW-BONDI5-GY","SwitchEasy Case iPhone5 Bonds Shadow Black","4897017131140","SwitchEasy","19","18.101998793959638",
"PM1-IN1-MF-RY","M-Edge Case iPad Mini Incline Raspberry","849108000303","M-Edge","18","16.03559962751865",
"TT5L-004","Lunatik Case iPhone 5 STRIKE Gray / Black / Silver","852352003594","Minimal","35","41.386799092364299",
"FLK5-004","Lunatik Case iPhone 5 FLAK Black / Red","852352003693","Minimal","23","18.101998793959638",
"AIAX15","Marware Case iPad Mini Axis Blue","602956011620","Marware","22","23.276398504233384",
"SMK5-002","Lunatik Case iPhone 5 SEISMIK Gray / Clear","852352003624","Minimal","10","18.101998793959638",
"TT5L-001","Lunatik Case iPhone 5 STRIKE Black / Blk / Silver","852352003563","Minimal","1","41.386799092364299",
"BT-900-00067-03","Beats Speaker iPhone4 Bluetooth Beatbox Black","848447001729","Beats by Dre","84","139.70039358756549",
"UN1-E3-ABS-GR","M-Edge e-Luminator Booklight\, Graphite","813580015599","M-Edge","0","10.340400029635418",
"AK3-Z1-C-B","M-Edge Case Kindle Fire Latitude Black","813580017906","M-Edge","18","18.101998793959638",
"KIVB1Y","Marware Case Fire HD 8.9 Vibe Purple","602956011309","Marware","24","18.101998793959638",
"SMK5-004","Lunatik Case iPhone 5 SEISMIK Gray / Blue","852352003648","Minimal","23","18.101998793959638",
"SMK5-003","Lunatik Case iPhone 5 SEISMIK Gray / Violet","852352003631","Minimal","35","18.101998793959638",
"DIEGO-GRYYLW-FOIL","JLab Headphone Diego Gray / Yellow","812887012867","JLab","20","10.340400029635418",
"DIEGO-BLKWHTBLU-FOIL","Jlab Headphone Diego Blue / White / Black","812887012874","JLab","20","10.340400029635418",
"AIAX1Y","Marware Case iPad Mini Axis Purple","602956011613","Marware","3","23.276398504233384",
"PD3-IN1-MF-DGY","M-Edge Incline Case for iPad 2 3 4\, Grey","813580017821","M-Edge","0","25.863599961543059",
"SW-COLN7-P","Switcheasy Case iPod Nano7 Colors Pink","4897017129871","SwitchEasy","15","9.3071996453285237",
"BT-900-00053-03","Beats Speaker Bluetooth Pill Black EU Plug","848447001897","Beats by Dre","5","139.70039358756549",
"BT-900-00054-03","Beats Speaker Bluetooth Pill Red EU Plug","848447001927","Beats by Dre","100","139.70039358756549",
"BT-900-00055-03","Beats Speaker Bluetooth Pill White EU Plug","848447001958","Beats by Dre","98","139.70039358756549",
"SW-VTGT-BL","SwitchEasy Case Galaxy Tab 7 VAULT Blue","4897017125675","SwitchEasy","9","25.863599961543059",
"SW-VTGT-R","SwitchEasy Case Galaxy Tab 7 VAULT Red","4897017125644","SwitchEasy","9","25.863599961543059",
"JI-1520","JIVO Cable Lighting 2100mA Sync White","5391514467690","Jivo Technology","2785","10.340400029635418",
"IEN2-BK-X","X-1 Headphones Surge Sportswrap Black/Blue","689076074117","H2O","1","31.037999671816806",
"JK-BLACK-BOX","JLab Headphones JBuddies Black","812887012584","JLab","5","12.927599884772292",
"DIEGO-BLKGRY-FOIL","JLab Headphone Diego Black / Gray","812887012850","JLab","20","10.340400029635418",
"1016002","Klipsch Headphone Image One II White","743878025392","Klipsch","957","77.607597064280526",
"AK4-GO1-MF-B","M-Edge Case Kindle Kindle Touch GO! Black","813580016855","M-Edge","40","18.101998793959638",
"AK4-GO1-MF-P","M-Edge Case Kindle Kindle Touch GO! Purple","813580016794","M-Edge","10","18.101998793959638",
"C0020-JC","Uncommon Case iPhone 5 Deflector Filmtastic TS","846899016247","Uncommon","7","18.101998793959638",
"BOMBORA-PRPL-BOX","Jlab Headphones Bombora- Prism Purple / Gray","812887012744","JLab","10","36.212399382090553",
"TT5H-002","Lunatik Case iPhone 5 TAKTIK White / Blk / Orange","852352003556","Minimal","133","64.671596186423358",
"C0020-JH","Uncommon Capsule Case iPhone 5 Blue Cassette","846899016353","Uncommon","29","20.689198649096511",
"1016105","Klipsch Speaker KMC 3 Black","743878025484","Klipsch","4","206.9675930254698",
"SMK5-001","Lunatik Case iPhone 5 SEISMIK Black / Smoke","852352003617","Minimal","10","18.101998793959638",
"IP-1885","PDP Case iPhone 5 Disney Pop Art Jack","0708056518851","PDP","45","15.514798938822764",
"XB3-BK-X","X-1 Armband Nano 6 Amphibx Black","689076074513","H2O","13","25.863599961543059",
"SW-TRIP-MA","SwitchEasy Case iPad 2 3 4 TRIG Magnesium","4897017123879","SwitchEasy","10","25.863599961543059",
"CRASHER-SLVYLW-BOX","JLab Speaker The Crasher Sport Yellow / Gray","812887012515","JLab","30","51.735598512911793",
"526672","iWires Cable USB to USB Micro Cable 2m","5026252667209","Techlink","528","10.340400029635418",
"IP-1886","PDP Case iPhone 5 Disney Pop Art Perry","0708056518868","PDP","44","15.514798938822764",
"BOUNCER-WHT-BOX","JLab Speaker Bouncer White","812887012843","JLab","25","67.258797643733033",
"JI-1516","Jivo Case iPad Mini Stand function Jet Black","5391514467607","Jivo Technology","516","20.689198649096511",
"IE2-BK-X","X-1 Headphones Surge In-Ear Black/Blue","689076074018","H2O","14","25.863599961543059",
"JI-1518","Jivo Case iPad Mini Stand function Cherry Red","5391514467621","Jivo Technology","516","20.689198649096511",
"JI-1517","Jivo Case iPad Mini Stand function Steel Blue","5391514467614","Jivo Technology","516","20.689198649096511",
"CRASHER-PRPLTEAL-BOX","JLab Speaker The Crasher Miami Purple/ Mint","812887012522","JLab","20","51.735598512911793",
"DIEGO-PRPLTEAL-FOIL","Jlab Headphone Diego Purple / Mint","812887012881","JLab","20","10.340400029635418",
"JI-1521","JIVO Cable 2100mA In Car charger","5391514467706","Jivo Technology","2380","12.927599884772292",
"BOMBORA-BLK-BOX","JLab Headphone Bombora Midnight Black / Gunmetal","812887012713","JLab","20","36.212399382090553",
"BOMBORA-BLU-BOX","Jlab Headphones Bombora- Baja Blue / Grigio Gray","812887012720","JLab","10","36.212399382090553",
"BOMBORA-BRNGLD-BOX","Jlab Headphones Bombora- Deville Brown / Gold","812887012751","JLab","10","36.212399382090553",
"BT-900-00079-03","Beats Headphones Studio Coke Ekocycle White","848447001590","Beats by Dre","54","181.09559126975546",
"CRASHER-BLK-BOX","JLab Speaker The Crasher Black","812887012492","JLab","30","51.735598512911793",
"JI-1523","JIVO Charger Lightning 2100mA EU Mains adapter","5391514467720","Jivo Technology","970","15.514798938822764",
"JI-1524","JIVO Car Charger Lightning Car 2100mA + Sync Cable","5391514467737","Jivo Technology","1963","15.514798938822764",
"C0020-JA","Uncommon Case iPhone 5 Deflector Laughter TS","846899016223","Uncommon","19","18.101998793959638",
"C0020-HZ","Uncommon Case iPhone 5 Deflector Innovation  TS","846899016216","Uncommon","29","18.101998793959638",
"BT-900-00057-03","Beats Headphone Pro Lil Wayne Red Black","848447001460","Beats by Dre","34","232.83959478118413",
"C0090-X","Uncommon Case iPhone5 Deflector Woodgrain Gray Clr","846899016162","Uncommon","29","18.101998793959638",
"110016","Skross World Adapter Classic White","7640112215836","Skross","250","9.0551994929790567",
